# register legal: words used far more than in the reference (log-odds, informative Dirichlet prior; Monroe et al. 2008); world register-stats
# register corpus 113 books, 7325210 tokens; reference 2738 books, 173954009 tokens
# License: derived counts from public-domain texts; free, part of the open release.
law	286.36
states	207.86
of	184.48
state	174.50
government	170.90
constitution	167.86
laws	154.69
or	136.87
court	135.92
united	135.26
courts	131.51
goods	125.30
be	124.42
legal	122.02
case	120.60
footnote	118.95
rights	116.48
any	114.22
property	113.95
treaty	112.98
act	110.56
public	109.91
cases	108.97
system	108.60
parliament	105.45
congress	104.06
is	100.48
cash	100.28
in	99.61
federal	99.17
authority	97.87
legislation	96.97
by	95.64
price	95.20
justice	94.58
convention	94.41
political	93.58
statute	92.72
debt	92.49
per	92.03
judges	89.35
power	88.86
legislature	88.80
paid	87.59
judicial	87.13
jurisdiction	86.34
jury	85.75
senate	85.28
constitutional	85.13
has	84.74
the	84.42
money	84.35
et	84.09
executive	83.92
divorce	83.49
civil	81.76
criminal	80.99
trial	80.93
members	78.76
contract	78.47
president	78.13
union	78.06
subject	77.81
general	77.74
fishing	77.72
charter	77.58
may	77.26
citizens	76.52
fish	75.66
tenants	75.62
livy	75.38
statutes	75.15
national	74.54
legislative	74.21
judge	73.97
principle	73.62
marriage	73.34
common	73.14
parties	72.86
persons	72.70
representatives	72.39
which	72.34
office	72.09
interests	71.25
california	70.91
such	70.90
are	70.87
fishermen	70.72
tenant	70.67
election	70.17
vote	69.65
payment	69.12
generally	68.93
acts	68.70
necessary	68.45
england	68.22
principles	67.62
provision	67.35
constitutions	67.04
liberty	67.04
supreme	67.02
pay	66.70
co	66.62
amount	66.28
shetland	65.70
roman	65.63
under	65.45
evidence	65.37
administration	65.20
majority	64.83
commissioners	64.78
code	64.34
yes	64.31
powers	64.29
magna	64.21
community	63.86
liable	63.78
sabbath	63.33
article	63.15
shop	63.07
cherokees	62.92
governments	62.14
county	61.74
röm	61.70
assembly	61.53
lex	61.49
treaties	61.39
writ	61.36
medical	61.04
territory	60.99
opinion	60.96
feudal	59.67
decision	59.63
control	59.41
provisions	59.28
committee	58.98
lawyers	58.64
sell	58.51
consent	58.43
bill	58.38
particular	58.23
nation	58.18
enacted	58.01
trade	57.90
practice	57.83
appeal	57.80
person	57.70
debts	57.69
defendant	57.58
judith	57.40
clause	57.40
obligation	57.24
amendment	57.00
agent	56.59
procedure	56.46
policy	56.28
articles	55.75
york	55.57
year	55.27
action	55.09
rules	55.03
cherokee	54.94
lands	54.81
corporation	54.78
department	54.69
commons	54.68
justices	54.28
taxation	54.10
reasonable	53.99
sovereignty	53.88
imprisonment	53.64
vel	53.48
judgment	53.34
security	52.74
settlement	52.65
causes	52.59
commerce	52.54
private	52.51
granted	52.44
commission	52.35
section	52.11
prices	51.82
francisco	51.77
jurisprudence	51.73
church	51.71
rule	51.69
plaintiff	51.54
contracts	51.33
wages	51.29
established	51.11
labor	50.96
have	50.88
ibid	50.78
coke	50.69
same	50.32
for	50.25
decisions	50.25
individual	50.24
regulations	50.24
proceedings	50.09
supplies	50.01
question	49.99
cannot	49.86
new	49.73
proposed	49.57
crown	49.56
merchants	49.44
economic	49.44
damages	49.39
linda	49.30
clive	49.19
consideration	48.96
mommsen	48.89
elected	48.69
elections	48.66
ecclesiastical	48.61
republic	48.50
canon	48.31
privileges	48.30
require	48.29
entitled	48.22
pleas	48.17
clergy	47.96
penalty	47.94
people	47.76
value	47.75
exercise	47.74
adultery	47.62
taxes	47.61
magistrate	47.54
non	47.32
january	47.18
liberties	46.95
agreement	46.95
provided	46.93
barons	46.90
limited	46.89
to	46.87
council	46.81
due	46.70
whether	46.62
prohibited	46.35
existing	46.32
equity	46.28
negligence	46.27
been	46.21
vested	46.19
massachusetts	46.18
republican	46.17
confederation	46.09
fact	45.91
interest	45.84
purposes	45.83
carta	45.69
estate	45.68
balance	45.65
hester	45.64
heirs	45.55
military	45.54
institutions	45.48
fundamental	45.39
because	45.37
crime	45.30
proper	45.25
stated	45.14
required	45.03
society	44.78
proportion	44.77
ii	44.76
regulation	44.76
authorities	44.73
duties	44.71
foreign	44.68
necessity	44.66
payments	44.63
reports	44.57
theodora	44.53
institution	44.53
citizen	44.45
tenure	44.40
quod	44.38
corporations	44.34
extent	44.27
personal	44.23
secretary	44.17
not	44.17
messrs	44.12
iowa	44.11
rep	44.09
business	43.95
prosecution	43.93
commissioner	43.87
account	43.84
lerwick	43.67
aforesaid	43.65
fees	43.63
san	43.47
local	43.42
lease	43.41
carolina	43.38
essential	43.33
votes	43.31
guido	43.31
jacqueline	43.25
other	43.20
legislatures	43.19
revenue	43.10
circumstances	43.10
population	43.05
its	42.95
prerogative	42.88
american	42.83
inst	42.82
privilege	42.72
does	42.71
benefit	42.70
years	42.68
legally	42.45
ought	42.35
terms	42.15
sold	42.09
alt	41.98
organization	41.93
commonwealth	41.92
rent	41.91
instance	41.90
pennsylvania	41.90
charters	41.87
present	41.85
territories	41.82
credit	41.79
agents	41.79
federalist	41.71
debtor	41.71
against	41.70
support	41.61
bishop	41.51
appointment	41.47
sale	41.46
incumbent	41.35
respect	41.31
tax	41.29
cf	41.20
ri	41.18
examination	41.17
witnesses	41.08
tribunes	41.08
liability	41.05
adoption	40.99
classes	40.87
lange	40.77
reform	40.73
delegates	40.62
english	40.59
magistrates	40.57
geo	40.56
unless	40.54
voting	40.54
authorized	40.47
germany	40.43
accounts	40.42
christina	40.38
judiciary	40.35
proprietor	40.26
number	40.25
abolished	40.25
statement	39.99
independent	39.94
class	39.90
absolute	39.89
worsted	39.84
individuals	39.73
sec	39.59
citizenship	39.59
application	39.52
part	39.51
shawls	39.50
convicted	39.50
claims	39.38
bruce	39.38
attorney	39.32
arsenic	39.29
physicians	39.28
ratification	39.27
sufficient	39.26
profit	39.25
ad	39.23
manchester	39.19
curing	39.16
ex	39.16
necessarily	39.10
responsible	39.07
citations	39.02
claim	38.97
acid	38.95
senators	38.92
pro	38.82
lawful	38.80
custody	38.79
regulate	38.76
doctrine	38.76
departments	38.75
cic	38.67
limitation	38.67
prohibition	38.60
fee	38.60
securities	38.56
limits	38.55
oregon	38.54
amendments	38.53
conditions	38.52
commercial	38.50
country	38.50
expressly	38.43
georgia	38.38
session	38.32
valid	38.32
therefore	38.22
apply	38.22
municipal	38.21
permanent	38.21
merchant	38.19
felony	38.19
madison	38.15
free	38.04
reason	38.04
nations	38.03
argument	38.03
enforce	38.02
henry	38.01
chancery	37.89
verdict	37.84
either	37.76
facts	37.76
ordinary	37.73
terry	37.68
ownership	37.65
hammurabi	37.60
comitia	37.58
selling	37.52
operation	37.52
objection	37.51
these	37.33
assemblies	37.25
connecticut	37.24
enactment	37.21
throckmorton	37.18
contrary	37.16
chancellor	37.16
compensation	37.15
establishment	37.14
regard	37.12
appointed	37.10
employment	37.09
considered	37.05
definition	37.02
governor	36.99
minority	36.98
qualifications	36.92
rents	36.85
bills	36.76
exchequer	36.75
robertson	36.73
inheritance	36.72
competent	36.72
offices	36.70
faroe	36.58
purchase	36.54
member	36.54
fines	36.46
validity	36.43
that	36.42
reserves	36.40
an	36.36
responsibility	36.34
protection	36.32
certificate	36.21
opinions	36.16
issue	36.15
accused	36.01
appeals	35.94
instances	35.93
tribunal	35.93
vict	35.93
committed	35.89
term	35.86
practical	35.86
different	35.85
williamson	35.85
shops	35.78
indictment	35.72
monica	35.65
execution	35.65
purpose	35.61
merely	35.61
views	35.60
parliamentary	35.59
sinclair	35.57
history	35.41
declaration	35.38
knitting	35.35
lords	35.35
penal	35.30
writs	35.26
violation	35.20
police	35.20
bar	35.10
process	35.10
muslim	35.09
galt	35.04
sovereign	35.02
democracy	34.98
restrictions	34.98
limitations	34.95
suffrage	34.94
precedent	34.81
analysis	34.79
establish	34.79
repeal	34.76
equality	34.70
insurance	34.68
it	34.67
politics	34.67
except	34.66
arbitrary	34.63
aut	34.62
discretion	34.61
imposed	34.59
improper	34.58
examined	34.51
punishment	34.46
plebeian	34.44
advances	34.40
opposition	34.39
objections	34.39
poisoning	34.38
unconstitutional	34.37
corpus	34.31
affairs	34.31
those	34.29
arising	34.27
tennessee	34.25
territorial	34.23
offence	34.21
maintenance	34.20
boundary	34.19
administered	34.11
praetor	34.10
sessions	34.09
sum	34.04
effect	34.00
rates	33.99
signed	33.93
landlord	33.93
difference	33.93
estates	33.91
shawl	33.91
mr	33.90
less	33.89
provide	33.87
exercised	33.83
void	33.82
assize	33.78
democratic	33.78
isabel	33.77
representative	33.74
considerations	33.70
district	33.68
settled	33.66
repealed	33.65
earnings	33.61
indians	33.59
methods	33.59
official	33.58
plea	33.56
creditor	33.55
proprietors	33.46
hon	33.44
freedom	33.44
counties	33.43
experience	33.42
functions	33.38
method	33.36
electors	33.35
poisons	33.31
transactions	33.30
delegation	33.29
theory	33.23
granting	33.22
tribunals	33.20
jurists	33.16
blackstone	33.14
hay	33.11
exclusive	33.09
wissowa	33.06
view	33.02
sanction	33.00
citation	32.97
season	32.94
basis	32.90
sheriff	32.85
boundaries	32.85
grants	32.84
facto	32.84
delegated	32.83
senator	32.83
special	32.80
duty	32.79
supra	32.75
regulating	32.69
buy	32.69
only	32.68
voters	32.68
patricians	32.68
treasury	32.64
between	32.62
colonies	32.61
removal	32.61
ledger	32.59
mines	32.49
distinction	32.48
coroner	32.44
glanville	32.36
separate	32.28
cass	32.25
illegal	32.20
sacramento	32.20
direct	32.18
propriety	32.17
charta	32.10
debtors	32.09
measures	32.06
party	32.06
stat	32.05
wool	32.04
discussion	32.02
penalties	31.98
militia	31.96
regis	31.96
centuries	31.96
expense	31.93
average	31.87
order	31.82
debates	31.79
republics	31.78
freke	31.76
surgeons	31.75
britain	31.74
specified	31.71
successors	31.71
college	31.70
important	31.68
oath	31.67
illinois	31.67
app	31.64
creditors	31.61
subjects	31.60
decree	31.59
degree	31.55
hereby	31.51
censors	31.50
tribune	31.47
plut	31.46
would	31.46
pollock	31.43
admitted	31.40
unlawful	31.38
cited	31.38
marriages	31.37
ep	31.36
sales	31.36
practically	31.36
legitimate	31.33
independence	31.33
alleged	31.24
influence	31.20
countries	31.19
social	31.19
missus	31.16
advantages	31.09
improvements	31.08
licence	31.05
habeas	31.04
communities	31.04
reasons	30.99
controversy	30.97
antient	30.95
offences	30.92
empire	30.91
tenement	30.89
prescribed	30.88
voluntary	30.82
ordeal	30.81
proposition	30.79
should	30.79
conventions	30.78
nisi	30.77
financial	30.76
expenses	30.75
pamphlet	30.73
qualification	30.73
freemen	30.69
ling	30.68
enforced	30.64
hamilton	30.64
benefice	30.63
remedy	30.61
administrative	30.61
dissection	30.60
justinian	30.58
profits	30.56
wills	30.56
february	30.56
ceded	30.55
lawyer	30.54
rome	30.54
enforcement	30.54
robert	30.54
solicitor	30.54
exemption	30.53
litt	30.51
monarchy	30.51
extend	30.50
sheriffs	30.49
census	30.43
cheaper	30.41
trustees	30.40
obligations	30.40
provides	30.37
consequence	30.36
railway	30.36
produce	30.35
inferior	30.31
measure	30.26
qualified	30.23
adopted	30.20
submitted	30.18
immediate	30.17
employed	30.16
actual	30.07
sued	30.05
employees	30.04
record	30.03
admission	30.02
otherwise	29.98
codes	29.92
profession	29.91
existence	29.91
campbell	29.88
circuit	29.79
physician	29.78
regulated	29.76
agrarian	29.73
certain	29.69
weekly	29.68
abolition	29.67
idem	29.58
technical	29.54
nature	29.52
practitioner	29.51
veto	29.51
constituents	29.51
plebeians	29.48
edward	29.46
proof	29.45
importance	29.44
matters	29.43
payable	29.40
cent	29.39
banns	29.38
ius	29.36
monopoly	29.33
maxim	29.32
elective	29.32
determine	29.28
clauses	29.28
curer	29.26
parish	29.23
patrician	29.19
arkansas	29.18
impeachment	29.18
given	29.17
controversies	29.15
francesca	29.15
restriction	29.12
crees	29.10
anderson	29.10
villein	29.10
exist	29.09
mode	29.08
th	29.03
exceptions	29.02
publius	29.02
parte	29.01
internal	29.00
tract	28.99
advantage	28.93
injury	28.91
if	28.90
bench	28.89
dower	28.87
retail	28.87
leges	28.86
appoint	28.83
assizes	28.83
expedient	28.80
gesch	28.79
conviction	28.79
concurrence	28.77
period	28.74
quantity	28.73
subsequent	28.72
juries	28.69
irvine	28.66
result	28.63
advocates	28.59
most	28.58
capacity	28.55
officials	28.53
qui	28.51
relations	28.49
information	28.49
litigation	28.46
enactments	28.46
extensive	28.44
consider	28.37
spence	28.35
muhammad	28.33
guilty	28.31
petition	28.30
apothecaries	28.30
ff	28.29
according	28.28
industrial	28.25
itself	28.18
providing	28.17
diggings	28.13
omnes	28.13
services	28.12
pauly	28.11
tendency	28.09
division	28.08
south	28.08
total	28.08
costs	28.08
applicable	28.06
thirds	28.05
islam	28.04
claimed	27.97
defects	27.96
effects	27.93
trades	27.92
equally	27.92
maitland	27.90
peers	27.90
mining	27.89
modern	27.89
prohibiting	27.88
companies	27.87
murder	27.85
stomach	27.84
precedents	27.79
defined	27.79
relation	27.77
respective	27.76
judgments	27.75
maintain	27.74
charged	27.72
nobis	27.68
september	27.65
est	27.63
requires	27.63
rex	27.63
legislators	27.60
defendants	27.60
sive	27.59
chattels	27.57
principal	27.57
testimony	27.56
iii	27.53
cession	27.53
gaius	27.52
dion	27.47
plebs	27.46
organized	27.43
quality	27.42
right	27.42
burra	27.35
settling	27.35
universities	27.32
distribution	27.31
requisite	27.30
curia	27.28
manitoba	27.28
pippa	27.27
heir	27.26
ratified	27.26
jurors	27.24
formal	27.22
councils	27.21
requiring	27.21
registrar	27.18
nomination	27.15
equal	27.14
working	27.12
settle	27.11
fest	27.09
adjudged	27.02
wardens	27.01
title	26.97
chairman	26.97
option	26.96
vs	26.95
constitute	26.95
usage	26.91
sense	26.88
westminster	26.86
witness	26.84
limit	26.84
physic	26.83
pending	26.82
employers	26.79
forfeiture	26.76
corporate	26.74
knit	26.74
allowed	26.74
succession	26.73
gentium	26.72
ibn	26.71
transvaal	26.69
obscenity	26.69
professional	26.68
delivery	26.67
boll	26.66
guarantee	26.66
jock	26.64
university	26.62
ast	26.55
certificates	26.53
concerning	26.50
maryland	26.50
adequate	26.49
july	26.49
conference	26.48
infra	26.48
ut	26.47
sine	26.40
claudine	26.36
enforcing	26.35
fund	26.35
concur	26.34
families	26.32
hereditary	26.31
cil	26.29
contracting	26.29
redress	26.21
transaction	26.21
kelp	26.13
guaranteed	26.13
equitable	26.05
included	26.04
bankruptcy	26.02
manufacture	26.02
beverley	26.02
hosiery	26.01
sub	26.01
gell	26.01
resources	26.00
encycl	25.96
governing	25.95
advocate	25.95
disputes	25.93
consuls	25.93
establishments	25.93
lieut	25.93
berkley	25.92
bertie	25.90
machinery	25.88
license	25.87
experiments	25.87
jersey	25.77
edw	25.76
arguments	25.72
shipping	25.71
exists	25.69
employer	25.69
herzog	25.68
tenures	25.66
exclusion	25.65
competition	25.60
symptoms	25.59
jus	25.58
inquiry	25.56
book	25.56
records	25.53
nevada	25.53
distinct	25.52
auspices	25.50
substance	25.50
freehold	25.50
report	25.49
founded	25.49
barrister	25.49
publication	25.43
during	25.43
america	25.43
exempt	25.42
commissions	25.38
dissolution	25.38
rom	25.37
hampshire	25.36
dio	25.34
sentence	25.31
lawfully	25.31
international	25.29
aliens	25.28
tithes	25.28
confederacy	25.23
within	25.22
revision	25.22
wardship	25.21
orris	25.20
vo	25.17
additional	25.17
allotment	25.16
status	25.15
ager	25.09
income	25.08
alienation	25.07
without	25.06
quam	25.06
jurist	25.05
behalf	25.04
wisconsin	25.03
sums	25.03
villeins	24.98
leases	24.96
littleton	24.94
mentioned	24.94
franchise	24.94
construed	24.93
voe	24.90
abuses	24.89
previous	24.89
skerries	24.88
arezzo	24.87
nec	24.85
grierson	24.83
extension	24.80
appendix	24.78
function	24.77
ballot	24.76
secure	24.72
increase	24.72
reasonably	24.72
encroachments	24.69
point	24.64
include	24.63
uniformity	24.63
vol	24.61
render	24.60
establishing	24.60
viz	24.58
saulteaux	24.57
observance	24.57
enact	24.56
prohibit	24.55
libel	24.51
prosecutions	24.49
frequently	24.45
indicted	24.45
predict	24.42
cum	24.39
declarations	24.38
divorces	24.36
separation	24.35
surgery	24.33
prevent	24.33
parochial	24.30
framers	24.28
preventing	24.27
cicero	24.27
fined	24.26
boers	24.26
paying	24.26
knowledge	24.24
contraceptive	24.23
representation	24.23
knitted	24.23
october	24.22
prejudice	24.20
calculated	24.17
punishable	24.17
consequences	24.16
crimes	24.15
sources	24.12
indemnity	24.11
arrangement	24.10
pursuance	24.10
conduct	24.08
virginia	24.08
reserve	24.07
exclusively	24.06
approved	24.05
restraints	24.04
stock	24.03
selden	24.02
negotiations	24.01
hist	24.00
incorporated	23.98
cwt	23.96
client	23.94
innkeeper	23.93
petitioner	23.93
licensed	23.92
alterations	23.90
dollars	23.87
mercantile	23.86
cummins	23.85
involved	23.85
test	23.84
tempore	23.83
tulloch	23.83
patent	23.83
councillors	23.78
districts	23.78
catholic	23.78
dealers	23.74
applies	23.73
funds	23.71
properly	23.64
exception	23.64
sulla	23.63
whereas	23.63
admit	23.62
suit	23.59
further	23.59
tenements	23.59
concerned	23.59
sunt	23.55
appointing	23.54
revolution	23.53
sometimes	23.53
customs	23.52
suis	23.51
droit	23.50
factor	23.49
de	23.48
compulsory	23.46
dr	23.45
precipitate	23.44
observations	23.41
acres	23.40
favor	23.40
jure	23.38
dissolved	23.35
imperium	23.34
apothecary	23.32
freeman	23.32
parliaments	23.32
herring	23.31
labour	23.30
anglo	23.29
reforms	23.29
november	23.24
holders	23.20
governed	23.19
service	23.17
abolish	23.16
land	23.14
confederacies	23.14
trusts	23.13
chemical	23.12
constituted	23.10
federation	23.09
league	23.08
insanity	23.08
collective	23.07
restricted	23.06
amended	23.06
superintendent	23.05
december	23.04
education	23.02
documents	23.00
prosecuted	23.00
comstock	23.00
document	22.99
issued	22.98
prescribe	22.96
annexed	22.95
knitters	22.95
farms	22.94
organizations	22.94
systems	22.92
imports	22.92
grievances	22.92
applied	22.90
william	22.89
affect	22.88
freeholders	22.88
date	22.88
bound	22.86
holdings	22.84
defense	22.83
miners	22.83
principally	22.77
testator	22.75
discharge	22.73
impracticable	22.73
legislate	22.73
suits	22.73
eorum	22.73
immunities	22.72
summary	22.71
occasioned	22.70
pecuniary	22.70
dealing	22.69
dure	22.67
purchaser	22.67
executors	22.66
warrant	22.66
aristocracy	22.65
largely	22.64
use	22.64
colonial	22.64
forbidden	22.63
appointments	22.63
panama	22.62
kansas	22.61
welfare	22.60
excluded	22.59
fuerit	22.59
agreements	22.59
notice	22.58
assent	22.58
perjury	22.57
owners	22.57
fiefs	22.57
forensic	22.56
esse	22.56
corrosive	22.56
sharon	22.55
ante	22.55
admiralty	22.55
select	22.54
agree	22.53
reeve	22.53
continuance	22.51
operate	22.50
carlton	22.48
real	22.42
regni	22.41
peine	22.40
improvement	22.37
resolutions	22.36
solution	22.34
bias	22.33
restraint	22.32
populus	22.32
indecent	22.32
clients	22.31
moral	22.31
contagious	22.29
specific	22.28
monopolies	22.25
wholesale	22.25
pietro	22.24
voted	22.21
practitioners	22.20
secular	22.18
binding	22.18
entente	22.18
reign	22.18
determining	22.15
industry	22.14
clerk	22.13
violante	22.13
legislator	22.11
magistracy	22.10
published	22.09
empowered	22.08
apostolic	22.07
attendance	22.07
amounts	22.02
manufacturing	22.01
considerable	22.00
forte	22.00
truck	21.99
incorporation	21.99
jurisdictions	21.98
loan	21.98
unnecessary	21.92
offense	21.89
default	21.88
voc	21.87
sandison	21.87
annulled	21.87
buying	21.87
violated	21.84
create	21.84
stockton	21.84
natalie	21.81
congressional	21.79
domestic	21.79
exercising	21.76
bishops	21.76
instituted	21.76
statements	21.71
societies	21.71
procurator	21.71
recognized	21.68
impose	21.66
manufactures	21.66
modo	21.66
change	21.65
initiative	21.65
trials	21.65
utility	21.63
introduced	21.62
delilah	21.61
draft	21.61
obvious	21.60
implied	21.59
benefices	21.58
scope	21.55
reservations	21.54
usually	21.54
defence	21.54
justify	21.54
gross	21.53
meetings	21.51
duly	21.50
interference	21.50
impediments	21.50
presumed	21.49
force	21.48
administer	21.47
eliz	21.47
varro	21.46
than	21.44
source	21.44
meal	21.42
former	21.42
ordinance	21.41
commune	21.40
capable	21.39
addition	21.38
preamble	21.35
salaries	21.30
situation	21.30
montesquieu	21.30
limiting	21.29
no	21.24
discussed	21.23
least	21.23
faction	21.21
meigs	21.20
amend	21.19
mississippi	21.18
boroughs	21.17
sells	21.17
annum	21.16
wage	21.16
practicable	21.15
substantially	21.15
individually	21.15
mouat	21.13
consist	21.13
fixed	21.13
maurer	21.12
rhode	21.12
desertion	21.11
quorum	21.09
entry	21.08
june	21.08
convocation	21.07
interstate	21.07
juris	21.06
opponents	21.05
referred	21.05
demand	21.04
natives	21.03
tacksman	21.03
owner	21.03
questions	21.02
unst	21.02
propositions	21.02
candidates	21.01
similar	21.00
tariff	21.00
demands	20.99
defect	20.98
week	20.97
fraudulent	20.97
created	20.96
greater	20.96
deduction	20.96
veils	20.95
finance	20.94
tests	20.94
minor	20.92
express	20.91
recognition	20.89
testamentary	20.89
privy	20.88
also	20.87
congregation	20.87
review	20.86
continue	20.86
sunday	20.86
annual	20.84
nostri	20.84
every	20.83
lb	20.82
century	20.79
whaling	20.78
schools	20.77
injunction	20.77
offender	20.77
register	20.75
concurrent	20.75
securing	20.74
fealty	20.73
construction	20.73
applying	20.73
homicide	20.72
inference	20.71
willamette	20.71
admissible	20.71
previously	20.67
association	20.67
saskatchewan	20.66
pays	20.63
inconsistent	20.62
wilson	20.62
reporter	20.61
warranty	20.61
convenient	20.60
august	20.60
charges	20.60
trygaeus	20.59
omission	20.59
premises	20.59
management	20.58
sublimate	20.57
nannie	20.57
tit	20.57
concession	20.56
levied	20.54
entirely	20.54
this	20.53
stubbs	20.52
temporal	20.51
fished	20.51
canons	20.50
obscene	20.50
aggregate	20.47
tolls	20.44
adopt	20.43
original	20.42
conclusive	20.39
compact	20.38
tribus	20.36
drugs	20.36
deducted	20.35
furnish	20.35
dispute	20.35
reserved	20.35
compel	20.33
occupation	20.32
existed	20.31
lamachus	20.29
aids	20.29
rogation	20.29
respects	20.28
complaint	20.28
diocese	20.26
thereof	20.26
senatus	20.25
transfer	20.25
cost	20.25
insolvent	20.23
maj	20.23
actually	20.22
authorize	20.22
conception	20.21
criminals	20.21
manufacturers	20.20
edna	20.20
membership	20.20
inquest	20.17
combination	20.17
branch	20.16
framed	20.16
barbers	20.15
fourths	20.14
april	20.10
vt	20.08
attainder	20.07
personally	20.07
adjournment	20.06
amending	20.06
interpretation	20.05
farming	20.05
judicature	20.04
character	20.04
lege	20.04
including	20.04
engaged	20.03
commentaries	20.03
bailiffs	20.02
papers	20.01
health	20.01
enumerated	20.01
assigned	20.00
elect	19.98
adjourned	19.98
effectual	19.98
vacancies	19.95
future	19.95
natural	19.93
committees	19.93
coram	19.92
peace	19.91
ministerial	19.91
experiment	19.91
bought	19.91
effective	19.91
instrument	19.86
own	19.86
assise	19.85
held	19.84
misdemeanor	19.84
whole	19.84
celia	19.83
despotism	19.82
prior	19.82
temporary	19.81
immoral	19.77
seventh	19.77
ohio	19.75
doctors	19.75
coercion	19.73
london	19.72
benefits	19.72
attorneys	19.72
bentham	19.71
employ	19.69
att	19.68
error	19.68
commonalty	19.66
unjust	19.66
entries	19.66
curers	19.65
respectively	19.65
fisherman	19.64
fide	19.64
grievance	19.64
const	19.64
pauncefote	19.63
medicines	19.63
treatise	19.62
secundum	19.62
merits	19.61
combinations	19.61
exclude	19.60
results	19.58
opposed	19.56
proceeds	19.56
inflicted	19.55
recent	19.54
tocqueville	19.53
efficiency	19.52
proceed	19.52
injuries	19.51
fraud	19.51
universally	19.50
written	19.49
churchwardens	19.49
strictly	19.48
occasion	19.47
appellant	19.47
null	19.46
legem	19.46
remove	19.45
unions	19.45
canada	19.42
alteration	19.42
exceed	19.41
ascertained	19.41
particularly	19.40
chargeable	19.40
inflammation	19.39
quia	19.39
collateral	19.35
inconveniences	19.35
ability	19.34
circulation	19.34
socialism	19.33
cod	19.33
offenders	19.33
minors	19.32
gilbert	19.32
stipulations	19.31
denomination	19.30
populi	19.30
reasoning	19.30
stability	19.30
myster	19.29
testament	19.29
satisfactory	19.28
vide	19.28
excommunication	19.27
mere	19.27
ticket	19.25
absolutely	19.25
usurpation	19.23
distinctions	19.23
mckay	19.23
eligible	19.22
guarantees	19.21
husband	19.21
matter	19.20
arises	19.20
thomas	19.19
dependent	19.18
although	19.18
vacancy	19.17
stockholders	19.16
unlimited	19.16
iure	19.15
decide	19.14
nostra	19.13
botha	19.13
nostris	19.11
conceded	19.11
understanding	19.11
affecting	19.10
unwritten	19.10
reduction	19.09
slavery	19.09
consequently	19.09
their	19.06
acting	19.05
confirmed	19.05
inheritances	19.04
historical	19.03
jeffreys	19.03
franchises	19.02
putrefaction	19.01
amerced	19.01
depends	19.00
promote	18.99
groceries	18.99
abuse	18.98
involves	18.97
check	18.97
difficulties	18.97
deceased	18.96
discrimination	18.96
yuba	18.94
credits	18.93
annuity	18.93
hippolytus	18.92
factories	18.92
meeting	18.91
respiration	18.90
errors	18.89
matrimonial	18.88
several	18.88
senatorial	18.88
muslims	18.88
executed	18.87
refer	18.87
formalities	18.86
imperial	18.85
musulman	18.85
boer	18.83
tait	18.83
qu	18.82
offenses	18.81
practise	18.80
ordinances	18.80
philadelphia	18.79
involving	18.79
course	18.79
continental	18.78
spelman	18.78
barristers	18.78
dominion	18.78
areas	18.77
annually	18.76
prohibitions	18.76
absurd	18.75
annuities	18.75
probate	18.75
indiana	18.75
exports	18.74
thereby	18.74
sulphate	18.74
preservation	18.74
sicut	18.74
frag	18.72
whatever	18.71
bl	18.70
hereinafter	18.70
anarchy	18.70
currency	18.70
based	18.69
foundation	18.69
millions	18.69
com	18.69
holden	18.68
governmental	18.67
parenthood	18.66
trustee	18.66
arbitration	18.65
proceeding	18.65
vaile	18.64
stipulation	18.63
officers	18.63
convened	18.63
winnipeg	18.62
balances	18.60
presidential	18.60
science	18.60
namely	18.59
conveyance	18.58
si	18.57
anno	18.57
concessions	18.57
polity	18.56
appian	18.56
politicians	18.54
sanger	18.54
appelle	18.54
nominal	18.53
defective	18.52
consolidation	18.51
agency	18.49
shewn	18.49
hoc	18.48
prescription	18.48
equites	18.48
assessed	18.47
ac	18.46
perpetual	18.45
latter	18.45
talbot	18.44
dealer	18.44
madox	18.43
injurious	18.41
inspectors	18.41
digest	18.40
adie	18.40
barony	18.37
appear	18.36
römischen	18.36
columbia	18.35
requisitions	18.34
cognizance	18.33
sentiment	18.33
wheaton	18.33
defining	18.32
acquired	18.32
motives	18.31
athabasca	18.31
includes	18.31
popular	18.31
books	18.30
homines	18.30
claiming	18.29
russia	18.29
ejusdem	18.29
missouri	18.29
centuriata	18.25
demesne	18.23
knits	18.23
prohibits	18.23
conferred	18.23
à	18.21
specifically	18.20
railways	18.19
venetia	18.19
mortgage	18.18
flexible	18.18
quae	18.16
sonora	18.16
custom	18.15
company	18.14
majesty	18.14
wis	18.12
animaux	18.12
discount	18.11
mutual	18.11
means	18.10
miles	18.09
exemptions	18.09
african	18.08
conclusion	18.07
subordinate	18.06
usages	18.06
directors	18.05
conclude	18.05
contained	18.04
france	18.04
provincial	18.04
purchasers	18.02
marshall	18.00
checks	18.00
newspapers	18.00
religious	18.00
lbs	17.99
pounds	17.99
magnates	17.96
innovations	17.96
oxford	17.96
maintained	17.96
assignment	17.95
always	17.94
justly	17.94
pernicious	17.94
virtually	17.93
scutage	17.93
brodie	17.92
constituency	17.90
mcnab	17.90
declares	17.89
oppressions	17.89
positive	17.89
ultimate	17.88
problem	17.87
stipulated	17.86
james	17.85
settlements	17.85
sanctioned	17.84
patres	17.84
servitude	17.84
lawsuit	17.84
connection	17.84
indirectly	17.84
definite	17.83
treason	17.82
neilson	17.81
gerry	17.80
sua	17.79
grant	17.79
define	17.78
formally	17.77
however	17.77
incapable	17.77
deputation	17.77
receipts	17.76
seisin	17.75
stating	17.74
consanguinity	17.73
fishery	17.73
delivered	17.73
prosecute	17.72
viollet	17.72
geschichte	17.72
oxide	17.71
carbonate	17.70
salary	17.69
comm	17.69
vell	17.68
exact	17.68
seu	17.67
issues	17.67
integrity	17.66
johnston	17.66
domini	17.66
occasions	17.65
affidavit	17.65
reference	17.63
abortion	17.63
understood	17.62
vomiting	17.62
ed	17.61
oppression	17.61
possession	17.61
hal	17.60
abr	17.60
importation	17.59
minimum	17.59
erroneous	17.59
experts	17.59
authorizing	17.59
portion	17.57
presumption	17.56
correct	17.55
approval	17.55
incurred	17.55
europe	17.55
denied	17.54
nos	17.54
gracchus	17.52
capite	17.52
imposts	17.51
constituent	17.50
undersigned	17.48
beneficial	17.47
legality	17.47
aliis	17.46
reg	17.46
usurpations	17.46
turner	17.44
sole	17.44
wholly	17.44
creating	17.42
inducement	17.42
causa	17.42
institutes	17.41
super	17.41
bracton	17.40
ejus	17.40
allegiance	17.39
exigencies	17.39
conspiracy	17.38
form	17.38
restrict	17.38
buys	17.37
suam	17.36
gov	17.36
condition	17.35
henderson	17.34
saxon	17.34
evils	17.33
baronies	17.33
alabama	17.32
obtained	17.31
desirable	17.31
secondly	17.31
agricultural	17.30
contribute	17.30
ita	17.30
delegate	17.29
litigants	17.29
presentation	17.28
potestas	17.25
must	17.24
executor	17.24
prosecuting	17.24
capital	17.23
appropriation	17.22
nominating	17.21
physiological	17.21
involve	17.20
sue	17.20
shopkeeper	17.19
printed	17.19
formerly	17.19
dependence	17.19
traquair	17.18
diem	17.18
delaware	17.17
edict	17.17
alter	17.16
depend	17.16
nuisances	17.15
patents	17.14
eminent	17.13
industries	17.11
prerogatives	17.11
impartial	17.11
pledges	17.10
ross	17.10
exceptional	17.09
suet	17.09
authorised	17.08
abate	17.08
domain	17.08
shall	17.07
parishes	17.06
policies	17.05
wager	17.05
superior	17.05
divided	17.04
negative	17.04
coroners	17.03
relative	17.03
annul	17.02
tac	17.02
solely	17.02
letters	17.02
undue	17.01
manors	17.01
barbour	17.01
confirmation	16.99
tacit	16.97
liabilities	16.97
licinius	16.97
squatters	16.96
maintaining	16.96
effected	16.95
agr	16.94
originally	16.94
kimberley	16.94
churchmen	16.93
disabilities	16.93
lesions	16.93
andrée	16.92
efficient	16.92
whites	16.92
gambling	16.91
manslaughter	16.90
convenience	16.90
preference	16.90
organic	16.89
resort	16.87
scudi	16.86
drafted	16.86
failure	16.86
electing	16.85
urban	16.85
petty	16.84
markets	16.83
extended	16.83
wiss	16.83
sealing	16.82
inconvenience	16.82
privileged	16.81
cause	16.81
commit	16.81
dispensation	16.81
schedule	16.80
excluding	16.80
statistics	16.80
bankrupt	16.80
settlers	16.79
plaintiffs	16.79
laity	16.79
gaol	16.78
poison	16.78
assets	16.77
appropriations	16.77
shares	16.77
partial	16.76
ministry	16.76
governors	16.76
tends	16.76
disadvantages	16.75
rigid	16.75
supposition	16.75
pompilia	16.74
abolishing	16.74
nuisance	16.72
rejected	16.72
vermont	16.72
censorship	16.72
proprietary	16.71
radical	16.70
omnibus	16.70
statesmen	16.70
outfit	16.69
pamphlets	16.68
inns	16.68
primary	16.67
taxing	16.67
subsequently	16.67
final	16.66
obtaining	16.66
fief	16.66
receipt	16.65
guaranty	16.64
unanimous	16.63
jac	16.63
jepson	16.63
sutter	16.62
centripetal	16.62
indebted	16.61
engage	16.61
methodist	16.61
hominum	16.60
changes	16.59
hobbes	16.59
suorum	16.58
kentucky	16.57
bona	16.57
tyburn	16.57
centrifugal	16.57
exchange	16.56
deny	16.55
etiam	16.54
concerns	16.54
communism	16.54
despotic	16.54
leviticus	16.53
farrand	16.52
joaquin	16.52
respecting	16.51
universal	16.50
registration	16.48
quaestiones	16.47
criterion	16.46
ducie	16.45
ultimately	16.45
violence	16.44
dispose	16.44
quis	16.43
aediles	16.42
apprehend	16.42
essentially	16.42
compromise	16.41
sustained	16.41
nobility	16.41
candid	16.40
cree	16.40
evicted	16.39
clearly	16.39
expedients	16.39
divorced	16.38
adhesion	16.37
spelm	16.36
contra	16.35
reduced	16.35
runnymede	16.33
prevention	16.33
licensing	16.33
admitting	16.33
ipso	16.33
observes	16.32
speculative	16.32
maine	16.30
injustice	16.30
polyb	16.30
sovereignties	16.30
signora	16.29
asserted	16.29
conservative	16.29
nitrate	16.28
voter	16.28
material	16.28
nitric	16.28
smith	16.28
lieu	16.28
entire	16.27
philol	16.27
suo	16.27
clergyman	16.26
yearly	16.26
martinmas	16.26
joint	16.25
instalments	16.25
autem	16.24
data	16.24
electoral	16.24
essence	16.23
supremacy	16.23
inherent	16.23
oklahoma	16.23
subordination	16.23
receive	16.22
alimentary	16.22
statutory	16.21
levy	16.21
hereafter	16.21
boughton	16.21
dicta	16.21
intestate	16.20
acrid	16.20
injured	16.20
revenues	16.20
tribunician	16.19
conformity	16.19
manor	16.19
des	16.18
degrees	16.17
criticism	16.16
terræ	16.15
expediency	16.14
pre	16.14
fourteen	16.14
assessment	16.13
anti	16.13
trespass	16.13
insufficient	16.13
solicitors	16.12
allowance	16.11
contraceptives	16.11
exempted	16.11
juridical	16.10
partnership	16.10
lien	16.10
jur	16.10
nullus	16.09
inadequate	16.08
recommended	16.08
scheme	16.07
theology	16.07
macgregor	16.07
warranted	16.05
incompetent	16.05
plan	16.04
contended	16.04
sherrard	16.04
lib	16.03
misconduct	16.03
precise	16.03
investigation	16.02
fourteenth	16.02
ideals	16.02
pursuant	16.01
parium	16.00
wilful	16.00
nebraska	15.99
expiration	15.99
indictments	15.98
mischiefs	15.98
removed	15.97
condemned	15.96
indebtedness	15.96
chapters	15.93
points	15.93
norman	15.93
formation	15.92
fabius	15.92
harte	15.90
purchasing	15.89
protect	15.89
our	15.88
contracted	15.88
compulsion	15.87
rendered	15.87
violating	15.87
irresponsible	15.87
subjected	15.86
pillory	15.86
confined	15.85
candidate	15.85
tribal	15.84
cro	15.82
memorandum	15.82
commonwealths	15.82
objects	15.81
maxims	15.81
ihne	15.81
patria	15.80
indian	15.80
controul	15.80
forbidding	15.79
scalloway	15.78
interfere	15.78
lectures	15.76
preceding	15.76
mcleod	15.76
breach	15.76
prejudices	15.75
page	15.75
omnia	15.75
tendencies	15.74
levying	15.74
holder	15.72
concilium	15.72
forfeited	15.72
realm	15.71
elsewhere	15.70
incapacity	15.70
purchases	15.70
dispensing	15.69
seised	15.69
writer	15.68
holston	15.68
primogeniture	15.66
excise	15.66
suum	15.66
themselves	15.65
physick	15.64
provinces	15.64
landlords	15.63
ethiopic	15.63
voluntarily	15.63
difficulty	15.62
consular	15.61
diversity	15.60
aliquo	15.59
implication	15.59
washington	15.58
deleterious	15.57
facie	15.57
alien	15.56
serbia	15.56
inducements	15.55
extends	15.55
apoplexy	15.55
potest	15.55
deductions	15.54
fœtus	15.54
escheat	15.53
quibus	15.53
throughout	15.50
allodial	15.49
endorsement	15.47
bulgaria	15.45
regards	15.44
alia	15.44
curiata	15.43
unum	15.43
wording	15.42
restraining	15.42
consistent	15.42
clerks	15.41
declared	15.40
intended	15.39
mesne	15.39
animalia	15.39
enlightened	15.38
lunatic	15.37
violations	15.37
deprive	15.36
canonical	15.36
nominated	15.36
enable	15.36
excludes	15.35
objected	15.35
estimate	15.35
quartz	15.35
workers	15.35
nominally	15.34
licences	15.33
homo	15.33
writers	15.33
innovation	15.33
dissenting	15.32
signature	15.31
apportionment	15.31
soluble	15.31
actions	15.30
cornelian	15.29
infringement	15.28
resident	15.28
entity	15.27
felonies	15.27
controlling	15.27
legitimacy	15.27
habere	15.26
usury	15.25
alternative	15.25
external	15.24
permitting	15.24
majorities	15.23
publicity	15.23
manorial	15.23
althea	15.23
reporters	15.22
sections	15.22
imposes	15.22
hungary	15.21
guardianship	15.21
creek	15.21
canal	15.20
judicially	15.20
minnesota	15.19
arise	15.19
oppressive	15.18
shillings	15.18
jun	15.17
ordination	15.17
remedies	15.17
elms	15.17
signor	15.17
ont	15.16
perpetuity	15.16
louisiana	15.15
holman	15.14
advowson	15.13
litchfield	15.13
fuerint	15.12
sentenced	15.12
premier	15.11
administrators	15.11
consolidated	15.11
syncope	15.10
argued	15.10
deal	15.09
condemnation	15.09
revolutionary	15.09
bigamy	15.08
lungs	15.08
registered	15.08
unanimity	15.07
belligerents	15.07
comitatus	15.07
norm	15.07
treatises	15.06
savigny	15.06
overruled	15.05
khalifa	15.05
disputed	15.05
surgeon	15.04
larger	15.04
specially	15.04
constitutionally	15.03
advocacy	15.02
misdemeanour	15.02
dealings	15.02
slander	15.02
relating	15.01
felons	15.01
modes	15.01
disposal	15.01
commodities	15.01
dict	15.00
indefinite	15.00
phebe	15.00
ss	14.99
pew	14.99
acquire	14.98
bail	14.98
enacting	14.98
detection	14.97
market	14.97
verdicts	14.96
circumstance	14.95
fieri	14.95
marca	14.95
obviate	14.95
poland	14.94
constitutes	14.94
reside	14.93
acquisition	14.93
reactionary	14.93
large	14.93
railroad	14.92
bargain	14.92
greig	14.90
opium	14.89
deposition	14.89
praetors	14.88
deals	14.88
employee	14.88
enim	14.87
british	14.87
unfair	14.86
warrants	14.86
soil	14.85
donor	14.85
phrase	14.85
feudalism	14.84
supplied	14.84
judicium	14.84
parry	14.84
debate	14.84
cn	14.83
affords	14.83
exactions	14.82
chickasaws	14.82
nominations	14.82
can	14.82
unity	14.82
utero	14.81
invoice	14.81
recommendations	14.81
ammonia	14.81
war	14.80
franceschini	14.80
greenidge	14.80
successor	14.80
taft	14.79
acids	14.79
mod	14.78
natal	14.78
journal	14.78
substances	14.78
economy	14.78
directed	14.78
restricting	14.77
five	14.77
garrett	14.77
paupers	14.77
speculation	14.76
sanctuary	14.75
notwithstanding	14.75
verr	14.75
pensions	14.74
irrespective	14.74
presbyters	14.73
cultivation	14.73
rape	14.73
john	14.72
assyriologie	14.72
ibidem	14.72
press	14.71
eadem	14.70
tyranny	14.69
complicated	14.69
conquest	14.69
qualify	14.69
defines	14.69
presidency	14.68
grounds	14.67
repealing	14.67
sancti	14.66
examine	14.66
elects	14.65
implies	14.65
production	14.65
acquittal	14.64
reyne	14.64
commitment	14.64
parental	14.64
vill	14.64
accordance	14.64
males	14.63
deemed	14.63
lessees	14.62
insist	14.62
umar	14.61
paper	14.61
regem	14.61
traveled	14.60
mensis	14.60
refusal	14.60
vestry	14.60
duration	14.59
unreasonable	14.59
recourse	14.59
ratifying	14.59
eam	14.58
disposition	14.58
italy	14.58
cornelia	14.58
frauds	14.58
imposition	14.57
publications	14.57
neglect	14.57
expressed	14.56
arrest	14.56
gradual	14.56
impotency	14.56
transportation	14.54
regular	14.54
progress	14.54
quasi	14.54
philosophical	14.53
standard	14.53
object	14.52
treatment	14.52
seems	14.51
legibus	14.50
accusation	14.50
differences	14.50
participation	14.50
inequality	14.49
nostro	14.48
violate	14.48
probable	14.48
technically	14.48
annulment	14.47
indispensable	14.47
confessor	14.46
archbishop	14.46
lunacy	14.46
eis	14.46
forbids	14.46
metallic	14.45
buyer	14.45
stations	14.45
primarily	14.45
punishments	14.45
osages	14.44
valuation	14.44
caustic	14.44
objectors	14.44
declaratory	14.43
deciding	14.43
glanvill	14.43
moderate	14.42
glebe	14.42
safeguard	14.42
expence	14.41
consul	14.41
austria	14.41
restitution	14.41
fustel	14.41
caes	14.40
gentes	14.40
authoritative	14.40
modified	14.39
americans	14.39
constituencies	14.38
being	14.38
frequent	14.37
repugnant	14.37
possit	14.36
arbitrarily	14.36
deliberations	14.36
manner	14.34
knowlege	14.34
licenses	14.33
biographies	14.33
colorado	14.32
capacities	14.31
britton	14.31
aliquis	14.31
juror	14.31
occupancy	14.30
loans	14.30
traffic	14.29
reversion	14.28
morality	14.28
ollie	14.27
tunc	14.27
breeds	14.27
complainant	14.27
assertion	14.27
khalifate	14.27
constituting	14.26
rental	14.26
proposals	14.25
necessities	14.25
disuse	14.25
conclusions	14.25
intestines	14.25
post	14.25
funded	14.25
railroads	14.24
morris	14.24
inferred	14.23
proviso	14.23
ratify	14.23
documentary	14.22
emoluments	14.22
possibility	14.22
consumers	14.21
niebuhr	14.21
prosecutor	14.19
facilities	14.19
enfranchisement	14.19
certify	14.19
enacts	14.19
appellate	14.17
proportionate	14.17
disregard	14.17
supply	14.17
necessaries	14.16
resulting	14.16
observe	14.16
montgomery	14.15
foregoing	14.13
presbyter	14.13
execute	14.13
determination	14.12
forestalling	14.12
statesman	14.12
prevails	14.11
quarantine	14.11
discussions	14.10
criminally	14.10
knitter	14.10
democracies	14.10
freeholder	14.10
hujusmodi	14.10
abstract	14.09
rev	14.09
secured	14.09
politic	14.09
province	14.08
dated	14.08
prescribes	14.08
aitken	14.08
difficult	14.08
omnium	14.07
relied	14.07
proved	14.06
abovesaid	14.05
paolo	14.05
assistants	14.05
oatmeal	14.05
conform	14.03
hire	14.02
fixing	14.02
marquardt	14.02
recommend	14.01
fallacy	14.01
idaho	14.00
submit	14.00
altered	14.00
facere	13.99
negotiation	13.99
politically	13.99
fork	13.98
proves	13.98
barb	13.98
possible	13.97
author	13.96
examiners	13.96
twenty	13.95
mordecai	13.95
cranch	13.94
ejectment	13.94
biennial	13.94
vnd	13.94
derived	13.94
quaestors	13.94
earlier	13.94
agri	13.94
fam	13.93
purchased	13.93
sint	13.92
pseud	13.91
refused	13.91
subscribed	13.90
recorder	13.90
sed	13.89
promulgated	13.89
ulpian	13.89
reduce	13.89
dictatorship	13.88
sumptuary	13.88
safeguards	13.88
incompatible	13.86
deprived	13.86
tenancy	13.85
workingmen	13.85
expenditure	13.85
prius	13.85
complicity	13.84
permissible	13.84
tend	13.84
mich	13.83
ratings	13.83
wendover	13.83
judicious	13.82
levirate	13.82
habeat	13.81
afford	13.80
murders	13.79
justiciar	13.79
canvass	13.78
germans	13.78
gorham	13.78
dictator	13.78
utah	13.77
fuit	13.77
economics	13.77
concurred	13.76
animalium	13.76
civile	13.76
domicile	13.76
legum	13.76
reconstruction	13.75
coulanges	13.74
tempus	13.73
forsch	13.73
permits	13.72
terram	13.72
insufficiency	13.71
undoubtedly	13.71
publicus	13.71
landowners	13.71
unpaid	13.71
punished	13.71
consists	13.71
imprison	13.70
forfeitures	13.70
haaf	13.70
compelled	13.70
strictness	13.70
factions	13.70
debet	13.70
inspector	13.68
unitarian	13.68
note	13.68
leaders	13.68
prescribing	13.68
reject	13.68
newspaper	13.68
substitute	13.68
impeachments	13.67
discretionary	13.67
progressive	13.67
chartered	13.67
commensurate	13.66
vir	13.66
michigan	13.65
appoints	13.65
subjecting	13.65
commonly	13.64
ves	13.64
impair	13.64
compliance	13.64
ingpen	13.64
benicia	13.63
haun	13.62
problems	13.62
employing	13.62
castelnuovo	13.61
insolvency	13.61
recht	13.60
civilized	13.60
essay	13.59
obsolete	13.59
alienate	13.58
stenness	13.58
valerian	13.58
native	13.58
months	13.57
pares	13.57
testaments	13.57
grantee	13.56
subsidies	13.56
excepted	13.56
bribery	13.55
stringent	13.55
marysville	13.55
populo	13.54
retained	13.54
factors	13.53
libby	13.53
dissolve	13.53
rendall	13.53
matthews	13.52
mcculloch	13.52
impossible	13.51
mails	13.51
vallejo	13.50
imperio	13.50
megarian	13.50
remuneration	13.48
inkster	13.48
recommendation	13.47
ite	13.47
engagements	13.47
saglio	13.47
administrator	13.47
savings	13.47
sponsor	13.47
sandwick	13.46
intervention	13.46
que	13.46
intimidation	13.46
disability	13.46
charge	13.45
inde	13.45
produced	13.45
materially	13.45
brut	13.44
kalam	13.44
govern	13.44
refusing	13.44
overrule	13.44
legis	13.44
marshal	13.43
position	13.42
mortmain	13.42
rate	13.42
cowell	13.41
laymen	13.41
belgium	13.41
codification	13.40
assumption	13.40
acceptance	13.39
impairing	13.38
affirm	13.38
willems	13.37
rulers	13.37
congressmen	13.37
decided	13.37
layman	13.37
salutary	13.37
ministers	13.37
parsons	13.37
federalists	13.36
ratio	13.36
par	13.36
curule	13.36
advantageous	13.35
briefs	13.35
attempts	13.35
declare	13.35
grotius	13.35
copy	13.34
pais	13.34
lenders	13.33
distrained	13.32
inalienable	13.32
ascendants	13.32
referendum	13.31
boddam	13.31
isaeus	13.31
retain	13.30
expansion	13.30
berk	13.30
pinckney	13.30
leisure	13.30
development	13.29
says	13.29
propter	13.28
indirect	13.28
dcc	13.28
drastic	13.28
abrogated	13.28
compurgators	13.27
enfranchised	13.27
recollect	13.26
compatible	13.26
africa	13.24
moderation	13.24
manufacturer	13.23
ordinate	13.23
motive	13.23
etc	13.23
rational	13.23
incomes	13.23
subsisting	13.23
respectable	13.22
resulted	13.22
regime	13.22
appearances	13.22
macrob	13.22
quantum	13.21
mandamus	13.20
eodem	13.20
deposit	13.20
summonses	13.20
indecency	13.19
journals	13.19
affinity	13.19
notorious	13.18
requirements	13.18
comprehensive	13.18
antimony	13.18
debarred	13.18
nicholson	13.17
suffrages	13.17
malloy	13.17
residue	13.17
sumner	13.17
edmonton	13.17
regno	13.17
incidentally	13.17
zetland	13.16
illud	13.15
substantial	13.15
digger	13.15
insured	13.15
facility	13.15
comparison	13.15
example	13.15
classification	13.14
tributa	13.14
cons	13.14
prefer	13.14
peerage	13.14
attainted	13.13
naturally	13.13
quinque	13.13
cede	13.13
administering	13.12
emetic	13.12
dealt	13.12
convictions	13.11
ipsius	13.11
demesnes	13.11
smacks	13.10
answerable	13.10
vary	13.09
conn	13.09
angliæ	13.09
circuits	13.08
rector	13.08
classis	13.08
ingestion	13.08
johannesburg	13.08
chemist	13.08
operations	13.07
ordinarily	13.07
infer	13.06
professions	13.06
scholastic	13.06
quas	13.06
ordained	13.05
assert	13.05
administrations	13.04
jointly	13.04
deducting	13.04
debit	13.03
explicit	13.03
bulk	13.02
presume	13.02
sempronian	13.01
practising	13.00
compos	13.00
numerous	13.00
parts	13.00
nostre	12.99
rhein	12.99
import	12.99
med	12.99
faculty	12.99
neque	12.98
insure	12.98
eighteenth	12.98
complete	12.98
thereto	12.98
midwifery	12.98
endorsed	12.98
civitate	12.97
chap	12.97
theories	12.97
purveyance	12.97
depositary	12.97
clarendon	12.97
improperly	12.96
shew	12.96
recently	12.96
lunatics	12.96
morals	12.95
emigrants	12.95
medico	12.95
wilfully	12.95
roms	12.95
dividing	12.95
attend	12.94
confer	12.94
notified	12.94
affected	12.94
reserving	12.94
signing	12.92
deputy	12.92
ingredient	12.92
armaments	12.92
jurisconsults	12.92
tribes	12.92
malpractice	12.91
proportional	12.91
provincials	12.91
jugera	12.91
muriate	12.91
evident	12.91
crisis	12.91
quantities	12.90
augmentation	12.90
nominate	12.90
revised	12.89
arisen	12.89
quos	12.88
habitual	12.87
nullity	12.87
liquors	12.86
factory	12.86
priced	12.85
interval	12.85
fusion	12.84
generation	12.84
moveables	12.84
horatian	12.83
posse	12.83
taken	12.82
consultum	12.82
supporters	12.82
cemetery	12.82
conveyances	12.81
sect	12.80
landholders	12.80
lessee	12.79
quæ	12.79
societatis	12.79
eviction	12.78
share	12.78
prevailing	12.78
placers	12.77
doctrines	12.77
farmers	12.77
socialist	12.77
revise	12.76
rege	12.76
revising	12.76
hangtown	12.75
ambiguity	12.75
anomaly	12.75
naturalization	12.75
accepted	12.75
creates	12.74
following	12.74
owing	12.74
clinic	12.74
filed	12.74
serjeant	12.73
laborers	12.73
reservation	12.73
hemorrhage	12.73
grantor	12.73
recover	12.72
dominus	12.72
licinian	12.72
sphere	12.72
damage	12.72
sufi	12.72
sufis	12.72
allotments	12.71
detrimental	12.70
reformers	12.70
weight	12.70
lect	12.69
adverse	12.69
favour	12.69
obedience	12.69
pentecost	12.69
scheil	12.68
ab	12.68
anglie	12.68
unlawfully	12.67
discharged	12.67
legislating	12.67
jealousies	12.67
productive	12.67
nugatory	12.66
agraria	12.66
distrain	12.66
primaries	12.66
quotas	12.66
gracchi	12.65
heretofore	12.65
institute	12.65
apprehended	12.65
precept	12.65
separately	12.65
introduction	12.64
deliberation	12.64
johnson	12.63
speculators	12.63
eo	12.63
blandy	12.63
goudie	12.63
doses	12.63
vindication	12.63
ascertaining	12.62
complaints	12.62
percentage	12.62
gesellsch	12.62
deliver	12.61
orfila	12.61
bequest	12.61
carriers	12.61
broderick	12.61
chagres	12.61
illegitimate	12.61
plead	12.59
heres	12.58
ingredients	12.58
estimated	12.58
magistracies	12.58
md	12.58
argue	12.58
vicinage	12.57
adulterated	12.57
römer	12.57
alkaline	12.56
prelates	12.56
blackfeet	12.56
rural	12.56
patrum	12.56
sui	12.56
efficacy	12.55
sächs	12.55
hudson	12.55
suicide	12.55
fitness	12.55
œsophagus	12.54
electorate	12.54
daremberg	12.53
abridge	12.52
affidavits	12.52
indemnities	12.52
τέμενος	12.52
ib	12.52
gestation	12.52
escheated	12.51
whereby	12.51
depreciated	12.50
saloons	12.50
qur	12.50
inter	12.50
suas	12.50
theoretical	12.49
goodall	12.49
smuts	12.49
montenegro	12.49
minister	12.48
leipzig	12.48
differ	12.48
unsound	12.47
resolution	12.47
adult	12.47
municipality	12.47
assume	12.47
adduced	12.46
sulphuric	12.45
influential	12.45
cabinet	12.44
stebbins	12.44
morbus	12.44
surveyor	12.43
muriatic	12.43
houses	12.42
corroborates	12.41
committing	12.41
acquiesce	12.41
assumed	12.41
banking	12.41
acquiescence	12.41
esq	12.40
emigration	12.40
loci	12.40
embarrassments	12.40
supersede	12.40
disqualified	12.40
cyc	12.40
williamstown	12.40
tort	12.39
northampton	12.39
hoveden	12.39
contributed	12.39
confirmations	12.39
instruction	12.39
dictate	12.39
accurate	12.39
comprised	12.38
triumviri	12.38
tariffs	12.38
lawsuits	12.38
consilio	12.38
actionable	12.38
dei	12.38
delegations	12.37
deodand	12.37
possess	12.37
organisation	12.36
gavin	12.36
constable	12.36
bonham	12.36
alimony	12.35
lausanne	12.35
hersey	12.35
liberal	12.35
investiture	12.35
prussic	12.35
participate	12.34
tickets	12.34
attending	12.34
monsignor	12.34
becomes	12.33
precarious	12.33
arrears	12.33
culpable	12.32
soda	12.32
irrelevant	12.31
mortem	12.31
consilium	12.30
chiefs	12.30
charitable	12.30
mafeking	12.30
penn	12.29
monthly	12.29
wyoming	12.29
deduced	12.29
purely	12.28
signum	12.28
phila	12.28
preclude	12.28
pretense	12.27
preliminary	12.27
respondent	12.26
receiver	12.26
dignity	12.26
tribuni	12.25
unqualified	12.25
controverted	12.25
agriculture	12.25
monarchical	12.24
inconsiderable	12.24
relinquishment	12.24
rumania	12.24
alliances	12.24
methuen	12.24
enquiry	12.23
superseded	12.23
gratia	12.23
enumeration	12.23
declaring	12.23
habet	12.22
fishings	12.22
justification	12.22
nihil	12.21
adherence	12.21
sequestration	12.21
duress	12.21
loix	12.21
secs	12.21
bankers	12.20
cts	12.19
adjustment	12.19
omni	12.18
papal	12.17
entitle	12.17
fully	12.17
capitalists	12.16
misrepresentation	12.16
adverted	12.15
folio	12.15
comitiis	12.15
uses	12.15
exacted	12.14
perpetuum	12.14
suspension	12.13
extreme	12.13
servian	12.13
unfit	12.12
available	12.11
corrupt	12.11
personalty	12.11
increasing	12.11
forma	12.11
feme	12.11
residents	12.11
oaths	12.10
lines	12.10
expensive	12.10
early	12.10
component	12.09
downing	12.09
borough	12.09
wallace	12.08
solemnized	12.08
pretence	12.08
supplying	12.08
romani	12.08
since	12.07
conjugal	12.06
prevail	12.06
consulship	12.06
champney	12.06
reeves	12.06
sacerdotes	12.06
confidence	12.06
advance	12.05
peculiar	12.05
paramount	12.05
edicts	12.05
arraigned	12.05
cooley	12.05
diminution	12.04
clinch	12.04
formality	12.04
importing	12.03
snuffy	12.03
unwarranted	12.03
nous	12.02
disadvantage	12.02
thirteen	12.02
capetown	12.01
deduct	12.01
lyle	12.01
gas	12.01
happen	12.01
constitutionality	12.01
equivalent	12.01
sureties	11.98
stipend	11.98
censure	11.98
fröhlich	11.98
hierocles	11.98
trachea	11.98
clatsop	11.97
suppose	11.97
incidental	11.97
accruing	11.96
tracts	11.96
get	11.96
div	11.96
versailles	11.96
communi	11.95
extending	11.95
monarchies	11.95
restrained	11.95
redfield	11.94
family	11.94
chipewyan	11.94
appropriated	11.94
capita	11.93
remedied	11.93
harbinger	11.93
undivided	11.93
embodied	11.93
address	11.93
patient	11.93
prove	11.92
maximum	11.92
gloss	11.92
phraseology	11.92
dionysius	11.92
sest	11.91
democrats	11.91
copyhold	11.90
homage	11.89
impost	11.89
latitude	11.89
bond	11.88
inhabiting	11.88
adulteration	11.88
technicalities	11.88
kee	11.88
susceptible	11.87
contain	11.87
intrinsic	11.86
civilians	11.86
writing	11.86
eucharist	11.86
regiam	11.85
constructive	11.85
reducing	11.85
alicujus	11.85
accumulation	11.85
zayd	11.85
export	11.85
appears	11.84
curates	11.84
footing	11.84
narcotic	11.84
abilities	11.83
ages	11.83
eyre	11.83
civic	11.83
sanitary	11.82
protest	11.82
aliquem	11.82
voigt	11.82
excises	11.81
guardians	11.81
knowingly	11.81
invasions	11.81
milliards	11.81
rejection	11.81
residing	11.80
textes	11.80
establishes	11.80
impediment	11.80
distrust	11.79
curiae	11.79
obtain	11.79
cambridge	11.79
infringed	11.79
foresta	11.79
habeant	11.79
associates	11.79
exorbitant	11.77
inasmuch	11.77
soltau	11.77
structure	11.77
socage	11.76
concurring	11.76
hansard	11.76
combustion	11.75
contemplated	11.75
negroe	11.74
reported	11.74
reviewed	11.74
strangulation	11.74
obliged	11.74
tullius	11.74
quo	11.73
rebellion	11.73
impartiality	11.73
allowing	11.72
walker	11.72
praetorian	11.72
soundness	11.72
harrison	11.72
hillswick	11.72
systematic	11.71
six	11.71
firms	11.71
theodosius	11.70
applications	11.70
uniformly	11.69
francesco	11.69
invested	11.69
inconvenient	11.69
barter	11.68
hardwicke	11.68
aurel	11.68
adopting	11.68
accordingly	11.68
officio	11.68
vi	11.68
valuable	11.67
conciliation	11.67
newgate	11.67
guilds	11.67
colleges	11.66
lordship	11.66
notion	11.65
locations	11.65
miscarriage	11.64
expenditures	11.64
concern	11.64
tyrannical	11.64
klebs	11.63
presentes	11.63
tamen	11.63
freight	11.62
proofs	11.62
fiat	11.61
authors	11.61
hydrogen	11.61
français	11.61
operates	11.61
accommodation	11.60
serjeants	11.60
flour	11.60
inability	11.60
dictum	11.59
portage	11.57
antidotes	11.57
correction	11.56
navigation	11.56
entrusted	11.55
deliberate	11.55
substituted	11.55
larceny	11.55
blount	11.55
refuted	11.55
suffocation	11.54
advowsons	11.54
ledit	11.54
european	11.54
follows	11.53
reparation	11.53
infringe	11.52
viginti	11.52
sufficiently	11.51
assign	11.51
foreigners	11.51
impeached	11.50
viscus	11.50
pretoria	11.50
beneficiary	11.49
der	11.49
cessions	11.48
requirement	11.47
hac	11.47
acquitted	11.47
bastard	11.46
terre	11.46
laurence	11.46
qualities	11.46
acknowledged	11.45
submitting	11.45
chicago	11.45
customary	11.45
proclamations	11.44
negotiated	11.44
mu	11.43
excessive	11.43
suppression	11.42
lecture	11.42
invalidate	11.42
theologians	11.42
ites	11.42
mortgages	11.42
crofts	11.41
anatomist	11.41
thirty	11.41
inspection	11.40
decline	11.40
alkali	11.40
serious	11.40
conti	11.40
decomposition	11.39
acted	11.39
modify	11.38
logic	11.36
drunkenness	11.35
fcap	11.35
diseases	11.35
les	11.35
disposed	11.35
as	11.34
atrocious	11.34
complained	11.34
abb	11.33
eldon	11.33
potass	11.33
extra	11.33
polls	11.33
victorian	11.33
whatsoever	11.32
growth	11.32
volume	11.31
linklater	11.31
interdict	11.31
assigns	11.31
plurality	11.31
consisting	11.30
zur	11.30
mechanics	11.30
imported	11.30
roe	11.30
towns	11.30
fleta	11.29
index	11.28
callistus	11.28
supposing	11.28
illi	11.27
matrimony	11.27
ordeals	11.27
impositions	11.26
troas	11.26
leased	11.26
occupations	11.26
baronial	11.25
omissions	11.25
machine	11.25
ton	11.24
educational	11.24
liberis	11.23
asset	11.23
burdensome	11.23
candor	11.23
animosities	11.23
scale	11.23
fourthly	11.22
reasonings	11.22
ruling	11.22
colleagues	11.22
dishonesty	11.22
ejected	11.20
essays	11.20
instituting	11.19
net	11.19
profitable	11.19
canadian	11.18
drapery	11.18
investments	11.18
restaurants	11.18
adapted	11.18
mineral	11.18
pardoning	11.17
theological	11.16
asphyxia	11.16
auctoritas	11.16
ignorance	11.16
choice	11.15
middlesex	11.15
rymer	11.15
modification	11.15
permanently	11.14
mankind	11.14
domino	11.14
derive	11.14
favorable	11.14
determinations	11.13
abdomen	11.13
pitt	11.13
cran	11.13
mémoires	11.12
shire	11.12
opportunities	11.12
negotiate	11.11
octavo	11.11
pretensions	11.10
justifiable	11.10
prejudicial	11.10
absurdity	11.09
kendal	11.09
playwright	11.09
osborne	11.09
titles	11.08
garry	11.08
antagonism	11.08
guthrie	11.08
counter	11.07
antiently	11.07
duumviri	11.07
publican	11.06
vero	11.06
produces	11.06
commandment	11.05
campbells	11.05
mathew	11.04
acquiring	11.04
nostrum	11.03
ontario	11.03
plebiscite	11.02
amenable	11.02
consulta	11.01
letter	11.01
conflict	11.01
assembling	11.00
enjoyed	11.00
theoretically	11.00
attachments	11.00
decemviral	10.99
prevented	10.98
flagrant	10.97
reformed	10.97
manual	10.96
surplus	10.96
amounting	10.95
affirmed	10.94
burdens	10.94
upon	10.94
tea	10.94
individualism	10.93
dalles	10.93
transacted	10.93
carte	10.93
convulsions	10.93
relief	10.92
claimant	10.92
spalding	10.92
orthodox	10.91
become	10.91
seldom	10.90
justified	10.90
emperors	10.90
fortnightly	10.90
cultivating	10.90
balfour	10.89
unauthorized	10.88
hearings	10.88
parsonage	10.88
ascertain	10.87
relatively	10.87
fortescue	10.86
dit	10.86
qua	10.86
diminished	10.85
duel	10.85
recognizes	10.85
unanimously	10.84
etym	10.84
considers	10.83
introduce	10.83
esset	10.83
employments	10.82
accrue	10.82
hubert	10.81
concrete	10.81
supported	10.81
politician	10.81
chosen	10.81
livius	10.80
englishmen	10.80
congressman	10.79
principals	10.79
rolls	10.79
chattel	10.79
wick	10.78
competency	10.78
infallibility	10.78
absence	10.78
decrees	10.78
ct	10.77
amercement	10.77
optimates	10.77
confirming	10.76
sanctions	10.76
nationality	10.76
incur	10.76
supposes	10.75
cohabitation	10.75
widows	10.73
belonging	10.73
palatine	10.73
expended	10.72
fluctuating	10.72
interposition	10.72
consumer	10.72
confiscation	10.72
res	10.71
probably	10.71
volumus	10.71
higher	10.70
million	10.70
effectually	10.70
impunity	10.70
lev	10.70
subvert	10.70
vesting	10.70
interested	10.69
comparatively	10.69
connivance	10.69
controlled	10.69
survey	10.69
flaminius	10.68
delinquent	10.68
tenor	10.68
estre	10.67
hotels	10.67
permit	10.67
interfering	10.67
corruption	10.66
amercements	10.66
ceases	10.66
historians	10.66
oligarchy	10.66
partiality	10.65
delays	10.65
complains	10.65
chimerical	10.64
accession	10.64
canterbury	10.64
probability	10.63
clergymen	10.63
chemists	10.63
quaestio	10.63
austin	10.63
philosophy	10.62
edmonstone	10.62
negotiable	10.62
torts	10.62
lord	10.61
obviously	10.61
römische	10.61
spouses	10.60
barolong	10.60
plebis	10.60
intelligent	10.60
asserts	10.60
encroach	10.59
suggest	10.58
sabbaths	10.57
sumburgh	10.57
illis	10.57
advertising	10.57
taxed	10.56
outfits	10.56
republicans	10.56
deacons	10.55
depending	10.55
disunion	10.55
minus	10.55
obligatory	10.55
dom	10.55
thirdly	10.54
orat	10.54
secession	10.54
pope	10.54
wm	10.53
investment	10.52
framing	10.52
concede	10.52
vital	10.51
trust	10.51
immunity	10.50
californians	10.50
endanger	10.50
appealed	10.49
pews	10.49
pacific	10.49
indictable	10.49
executing	10.49
traité	10.49
mosaic	10.48
gracch	10.48
wortley	10.47
transferred	10.45
therefor	10.45
dashwood	10.45
permanency	10.45
mostly	10.45
insoluble	10.44
producing	10.44
parishioners	10.44
undertakes	10.44
pursuits	10.44
diminish	10.44
scientific	10.44
afterwards	10.43
area	10.43
immaterial	10.43
mediaeval	10.42
dispense	10.42
anathema	10.42
confine	10.41
communion	10.41
ottoman	10.41
contradiction	10.41
promoters	10.41
composed	10.41
ipsa	10.40
access	10.40
platte	10.40
infanticide	10.40
servile	10.40
qualifying	10.40
noxious	10.40
theft	10.39
val	10.39
conclusively	10.39
hobbs	10.39
druggist	10.38
apt	10.38
compelling	10.38
compacts	10.38
prima	10.38
edinburgh	10.38
allege	10.38
enrolled	10.37
aggravated	10.37
formulated	10.37
censor	10.37
preside	10.36
reaction	10.36
fewer	10.36
demandant	10.36
farm	10.36
imply	10.36
aggression	10.36
asylums	10.35
competing	10.35
calthrop	10.35
cattle	10.35
subsistence	10.35
age	10.35
manufactories	10.34
dickinson	10.34
prevailed	10.33
remarks	10.33
romano	10.33
classed	10.32
acquisitions	10.32
decency	10.32
contagion	10.32
sabbatarians	10.31
wrongful	10.30
cheap	10.30
effectively	10.29
chickasaw	10.29
leet	10.29
ramsey	10.29
refutation	10.29
females	10.29
publicly	10.29
detriment	10.29
hortensian	10.28
extensively	10.28
immigration	10.27
satisfactorily	10.27
pendleton	10.27
coventry	10.27
custodes	10.27
verfassung	10.27
introducing	10.26
continues	10.26
colleague	10.25
alleges	10.25
diaphragm	10.25
materials	10.25
domiciled	10.25
definitely	10.24
cigars	10.24
conferring	10.23
mention	10.23
partisan	10.23
ubi	10.23
cantons	10.22
offending	10.22
conferences	10.21
operative	10.21
encroachment	10.21
coronation	10.21
grounded	10.21
prospecting	10.21
publish	10.21
disposing	10.20
township	10.20
palmer	10.19
unequal	10.19
dictated	10.19
eight	10.19
proclamation	10.18
presided	10.18
deference	10.18
arrested	10.18
creeks	10.18
tacksmen	10.18
simply	10.17
impotence	10.16
extorted	10.16
fisc	10.15
ambiguous	10.14
busta	10.14
reparations	10.14
sensible	10.13
esprit	10.13
redressed	10.13
staple	10.13
accountable	10.13
intitled	10.12
contains	10.12
designed	10.11
legitimation	10.11
insurrections	10.11
rectum	10.11
eum	10.10
recognize	10.10
harcourt	10.10
advertiser	10.09
zeitschr	10.09
emigrant	10.09
emergencies	10.09
apparent	10.08
supervision	10.07
declamation	10.07
testimonial	10.07
readily	10.07
civitat	10.06
salk	10.06
annexation	10.06
contemplates	10.06
drug	10.06
forfeit	10.05
firma	10.05
imprisoning	10.05
item	10.05
bret	10.05
neutral	10.05
modifications	10.05
dowry	10.04
pontifical	10.04
subjection	10.03
dugald	10.03
provisional	10.03
uncertainty	10.03
gratuitous	10.03
uniform	10.03
cincinnati	10.03
burgess	10.03
contribution	10.03
elucidation	10.02
possesses	10.02
philanthropic	10.02
attempt	10.02
baptism	10.02
fluid	10.01
abbott	10.01
lawgiver	10.01
premium	10.01
quidem	10.00
afforded	9.99
affirmative	9.99
trading	9.99
protecting	9.99
criminality	9.98
permanence	9.98
dispensed	9.98
commencement	9.97
accidents	9.97
communication	9.97
observation	9.96
abandonment	9.95
hiring	9.94
permitted	9.94
thorax	9.94
warden	9.93
tenths	9.93
undesirable	9.93
hereto	9.93
forty	9.93
omitted	9.93
lesser	9.92
whenever	9.92
liber	9.92
counsel	9.91
deduce	9.90
anomalous	9.90
performance	9.90
questionable	9.90
passenger	9.90
kult	9.89
wharton	9.89
likely	9.88
critical	9.88
shi	9.88
complied	9.88
groups	9.88
publick	9.87
fisheries	9.87
sullivan	9.87
peck	9.86
restoration	9.86
attributable	9.86
postal	9.86
shopkeepers	9.86
inclusion	9.85
regulates	9.85
conformable	9.85
servius	9.84
precluded	9.84
loss	9.84
inevitably	9.84
patriotism	9.82
extortion	9.82
delivering	9.82
legale	9.82
eccl	9.81
thirteenth	9.81
indissoluble	9.81
earning	9.80
perhaps	9.80
glasgow	9.80
embarrass	9.79
moneys	9.78
vacant	9.78
reputable	9.78
protected	9.78
cultivators	9.78
recherches	9.78
fallacious	9.77
calvert	9.77
protective	9.77
loco	9.76
belongs	9.76
chooses	9.76
properties	9.76
arable	9.75
vice	9.75
caul	9.74
norah	9.74
analogy	9.73
construe	9.73
periodical	9.72
essoin	9.72
exportation	9.72
brougham	9.72
romans	9.71
responsibilities	9.71
vagabonds	9.70
vests	9.70
intention	9.70
insurrection	9.70
dissent	9.69
proposing	9.69
cultivate	9.69
prevents	9.69
sentiments	9.69
collect	9.68
inadmissible	9.67
polygamy	9.67
serv	9.67
descents	9.67
posterity	9.67
churches	9.67
standards	9.66
operating	9.66
improvident	9.66
adversaries	9.66
sur	9.66
adulterous	9.65
stephens	9.64
furthermore	9.64
trivial	9.64
reformer	9.63
employs	9.62
chiefly	9.62
tribunate	9.62
mass	9.61
allow	9.61
sixty	9.61
decomposed	9.60
mcdonald	9.60
postponement	9.60
circulated	9.60
eng	9.60
hen	9.60
pound	9.59
commentary	9.59
agrees	9.59
objectionable	9.59
tazilites	9.58
dues	9.58
twelve	9.57
occasionally	9.57
claudius	9.57
serfs	9.56
lynch	9.56
affirmation	9.56
immigrants	9.55
attachment	9.55
membranes	9.55
maintains	9.55
commencing	9.54
heresy	9.53
renders	9.52
mansfield	9.52
imprisoned	9.52
existen	9.52
canaanite	9.51
adjourn	9.51
consequent	9.51
smaller	9.51
viii	9.50
pretext	9.50
poorer	9.50
infallible	9.50
aware	9.50
deputies	9.50
described	9.50
depriving	9.49
add	9.49
testifies	9.48
pickering	9.48
offensive	9.48
officially	9.48
presiding	9.48
interpose	9.47
supplementary	9.47
subscriptions	9.47
drafts	9.47
moulin	9.47
calculation	9.46
designated	9.46
enables	9.45
rating	9.45
comment	9.45
seventeenth	9.45
approbation	9.44
majestatem	9.44
diod	9.44
frontiers	9.44
unpopular	9.43
unwholesome	9.43
affects	9.43
epilepsy	9.43
exodus	9.42
reformation	9.42
hatch	9.42
neutrality	9.41
worcester	9.41
sibi	9.41
republik	9.41
western	9.41
catholics	9.40
caprice	9.40
promises	9.40
cure	9.39
freedmen	9.39
organize	9.37
jealousy	9.37
verbal	9.37
populations	9.37
peters	9.37
ounce	9.37
adjust	9.37
rests	9.37
mina	9.37
advertised	9.37
contested	9.36
presentment	9.36
compurgation	9.35
consistently	9.35
deuteronomy	9.35
iniquitous	9.34
behavior	9.34
summoners	9.33
vindicate	9.33
passengers	9.33
empires	9.33
induced	9.32
augurs	9.32
attainable	9.31
german	9.31
treasurer	9.31
simpson	9.30
condemning	9.30
conducting	9.29
blair	9.29
propose	9.29
dictorum	9.29
attended	9.29
commits	9.28
legate	9.28
bailey	9.27
contempt	9.27
recorded	9.26
enquire	9.26
insane	9.26
computed	9.26
customers	9.25
superiority	9.25
mechanical	9.25
accidental	9.24
archibald	9.23
shekels	9.23
ounces	9.22
advantageously	9.22
whitman	9.21
κλῆρος	9.21
sane	9.21
enunciated	9.21
sermons	9.20
selection	9.20
ky	9.19
scrip	9.19
oxygen	9.19
peculiarly	9.19
conceive	9.19
judgement	9.19
lucas	9.19
pressure	9.19
amounted	9.18
lordships	9.18
study	9.18
jehan	9.18
presumptive	9.18
tuesday	9.18
preferred	9.18
pretended	9.16
fort	9.16
parent	9.16
cruelty	9.16
condemn	9.16
holds	9.16
pleadings	9.16
immorality	9.16
influenced	9.15
samples	9.15
scarcity	9.15
comply	9.15
lewd	9.15
minds	9.15
commence	9.15
lineal	9.14
facilitate	9.14
giving	9.14
summons	9.13
archbishops	9.12
recall	9.12
conflicting	9.12
authenticated	9.12
concluded	9.11
clarke	9.11
excepting	9.11
entails	9.10
presumably	9.10
label	9.10
reciprocal	9.08
hartford	9.08
organizing	9.07
furnishing	9.07
definitions	9.07
clodius	9.06
prescriptions	9.06
protestant	9.06
increased	9.06
restrain	9.05
store	9.05
gambler	9.04
curtailed	9.04
often	9.04
grossly	9.04
revoked	9.04
cranium	9.03
concilia	9.03
arrangements	9.03
palpable	9.03
insuperable	9.03
inn	9.03
invariably	9.03
burgesses	9.01
predecessors	9.01
denominations	9.01
workmen	9.01
rendering	9.01
protracted	9.01
improved	9.00
developed	9.00
colic	8.99
contingency	8.99
illa	8.99
conscientiously	8.99
metropolitan	8.99
list	8.98
subscribe	8.98
lloyd	8.97
preserve	8.97
supplement	8.97
sectarian	8.96
urged	8.96
sworn	8.96
precautions	8.96
gazette	8.96
intrusted	8.95
presidents	8.94
considering	8.93
unjustly	8.93
petitions	8.93
effecting	8.93
publishing	8.93
yuh	8.92
weights	8.91
resignation	8.91
engages	8.90
prestige	8.88
devised	8.88
confining	8.87
commandments	8.87
civilization	8.87
doubt	8.86
concise	8.86
advisers	8.86
leask	8.86
modifying	8.86
langton	8.85
apostles	8.85
rarely	8.85
furnished	8.85
alienated	8.84
enlarged	8.84
cents	8.84
actuated	8.84
injunctions	8.83
denver	8.83
unavoidably	8.83
pis	8.80
reader	8.80
strict	8.80
discontent	8.80
discipline	8.80
unwise	8.80
predominant	8.79
correcting	8.79
retains	8.79
complexity	8.78
unsafe	8.78
ideas	8.78
compounds	8.77
street	8.77
rely	8.76
correspondence	8.76
marked	8.76
secures	8.76
succeeding	8.76
unrestrained	8.75
inquisition	8.75
sample	8.75
honestly	8.75
quarterly	8.74
imperfections	8.74
colony	8.74
hostility	8.74
negroes	8.74
congregations	8.74
depositions	8.74
speculations	8.73
think	8.73
trackers	8.73
emancipated	8.72
examiner	8.72
incorporate	8.71
confiscated	8.70
useful	8.70
impaired	8.70
multiplicity	8.70
ottawa	8.70
miner	8.70
iuris	8.69
functionaries	8.69
dissatisfaction	8.68
promoting	8.68
atque	8.68
output	8.67
mayor	8.67
summoned	8.67
attempted	8.67
happens	8.67
competence	8.67
foresee	8.66
intermarriage	8.66
mcmaster	8.66
greenbank	8.66
montana	8.65
losses	8.65
unquestionably	8.65
evenin	8.65
grocer	8.65
illiterate	8.64
unprecedented	8.64
coupled	8.63
vera	8.63
guild	8.63
protests	8.63
adhering	8.63
equilibrium	8.63
rejecting	8.62
accede	8.61
disregarded	8.61
unalterable	8.60
manifestly	8.60
deprivation	8.60
substitution	8.60
firmness	8.60
furnishes	8.60
timber	8.59
headmen	8.59
presented	8.59
differed	8.59
imam	8.58
greed	8.58
jeremy	8.57
contemplate	8.57
chinamen	8.57
exemplified	8.57
visitation	8.56
receiving	8.56
laxity	8.56
cemeteries	8.56
dudit	8.55
contributions	8.54
conspire	8.54
instructive	8.54
lucrative	8.53
admits	8.53
archives	8.53
seller	8.52
deposits	8.52
cranmer	8.52
distinguished	8.52
ensuing	8.51
transmitted	8.51
certainty	8.50
body	8.50
criticisms	8.50
epidemic	8.50
switzerland	8.50
ces	8.50
ari	8.49
ireland	8.49
impropriety	8.49
felon	8.48
subdivisions	8.48
unit	8.48
width	8.48
davis	8.48
correctness	8.48
summarily	8.47
surgical	8.47
specify	8.47
numbers	8.47
contend	8.46
vassal	8.46
circulating	8.46
dependents	8.46
episcopal	8.46
contre	8.45
timbered	8.45
houston	8.45
nineteenth	8.45
dissolving	8.44
inflict	8.44
anomalies	8.44
arguing	8.44
operated	8.43
discuss	8.43
refute	8.42
portions	8.42
extravagant	8.42
mainly	8.42
destructive	8.41
pioneer	8.40
sen	8.40
single	8.39
encouragement	8.39
deriving	8.39
assumes	8.38
testify	8.38
eisdem	8.38
justifies	8.38
disposes	8.38
merit	8.37
incurring	8.37
accumulate	8.37
sixteen	8.37
derangement	8.36
schrader	8.36
ethical	8.36
transact	8.36
accuser	8.35
logical	8.35
contention	8.35
varies	8.35
oftener	8.34
aristocratic	8.34
appropriating	8.34
particulars	8.34
revert	8.34
inseparable	8.33
aggrandizement	8.33
jewish	8.33
retention	8.32
detail	8.32
proxy	8.32
adhered	8.32
intents	8.32
tables	8.32
sawyer	8.31
cancelled	8.30
dominant	8.30
forgery	8.30
hardship	8.30
directs	8.30
educated	8.29
passions	8.29
apud	8.28
advertisements	8.28
examinations	8.27
composition	8.27
notions	8.27
vassals	8.27
betting	8.26
brotherhood	8.26
dissensions	8.26
advertisement	8.26
unconnected	8.26
violent	8.26
simple	8.25
somerset	8.24
unequivocal	8.24
craig	8.24
equestrian	8.23
imperfection	8.23
acquiesced	8.23
regarded	8.23
imposing	8.22
burghers	8.22
workhouse	8.22
advocated	8.22
fixes	8.22
respectability	8.22
cleveland	8.22
raison	8.22
principalities	8.21
inevitable	8.20
dissimilar	8.20
imputation	8.20
donnall	8.20
anc	8.20
altogether	8.20
copies	8.19
adopts	8.18
conceptions	8.17
devise	8.17
residence	8.17
relates	8.17
thence	8.16
especially	8.16
cl	8.16
tertullian	8.16
extract	8.15
starr	8.15
crippen	8.15
didache	8.15
rubino	8.15
explicitly	8.14
antiquated	8.14
enterprises	8.14
appius	8.14
inherit	8.14
brae	8.14
agencies	8.13
adequately	8.13
pertinent	8.13
assassination	8.13
negligent	8.12
insidious	8.12
mutually	8.12
calculate	8.11
howard	8.11
saxons	8.11
exerted	8.10
prisons	8.10
nomine	8.10
subsist	8.10
heredibus	8.10
contemporary	8.10
improve	8.10
ancestor	8.09
seizure	8.09
obnoxious	8.09
dentist	8.09
altering	8.09
conquerors	8.08
possessions	8.08
bonds	8.07
pestilential	8.07
first	8.07
pharisee	8.06
originate	8.06
woollen	8.05
work	8.05
finable	8.05
acute	8.04
rejoinder	8.04
connections	8.03
absorption	8.03
excommunicated	8.03
demanding	8.03
decisive	8.03
allows	8.02
exported	8.02
clerical	8.02
abridgment	8.02
humboldt	8.02
removing	8.01
mills	8.01
tack	8.01
partly	8.01
australia	8.01
quill	8.01
arrests	8.00
upheld	8.00
roma	8.00
vagueness	8.00
earls	7.99
exceeded	7.99
schemes	7.99
commenced	7.99
highest	7.98
engrossing	7.98
entail	7.98
extort	7.97
herein	7.97
laurenson	7.97
rented	7.96
habits	7.96
accuracy	7.96
expresses	7.96
traders	7.96
taylor	7.95
sovereigns	7.95
cas	7.95
denying	7.94
emigrated	7.94
treat	7.94
armistice	7.93
frontier	7.92
procuring	7.91
shopman	7.91
requisites	7.90
postpone	7.90
participated	7.90
imputed	7.90
regularly	7.90
sous	7.89
ethics	7.89
hawkins	7.89
distilled	7.89
submission	7.88
villa	7.88
carelessness	7.88
suggestions	7.88
cites	7.87
norwich	7.87
italians	7.87
approve	7.87
continuing	7.87
extraordinary	7.87
gets	7.87
dunrossness	7.86
axiom	7.86
accomplices	7.86
bess	7.86
xxxviii	7.86
forms	7.86
patients	7.85
informal	7.85
obstruct	7.85
increasingly	7.85
lax	7.85
ph	7.84
belong	7.84
enabling	7.84
unsettled	7.83
writings	7.83
relig	7.83
profess	7.83
adhere	7.83
filing	7.82
birmingham	7.82
contributes	7.82
jura	7.82
aen	7.82
detention	7.82
unite	7.82
quid	7.81
enlarge	7.81
second	7.81
charleston	7.81
dangerous	7.81
composing	7.80
extinction	7.80
alcalde	7.80
conducive	7.79
reliefs	7.79
mitigated	7.79
fictions	7.79
stocks	7.79
jefferson	7.78
comparative	7.78
stephen	7.78
wars	7.77
instructions	7.77
ipse	7.77
hearsay	7.76
sociology	7.76
intimated	7.76
car	7.76
deficiencies	7.76
salts	7.75
oppose	7.75
topics	7.75
aberdeen	7.74
coloured	7.74
current	7.74
severity	7.73
managers	7.73
dose	7.73
ignatius	7.73
obstructions	7.73
unfounded	7.72
unfriendly	7.72
gamblers	7.72
mistakes	7.71
underlying	7.71
inhabitants	7.71
comitial	7.70
texas	7.70
fundamentally	7.70
lottery	7.70
signatures	7.69
acknowledgment	7.69
generality	7.69
reputation	7.69
precision	7.69
saturday	7.69
entailed	7.68
shilling	7.68
avowed	7.68
edmund	7.68
archdeacon	7.68
refuse	7.67
gladstone	7.67
inaccurate	7.66
constantly	7.66
dictates	7.66
concord	7.65
undefined	7.65
forcible	7.65
obstacles	7.65
enlargement	7.64
steamboats	7.64
continent	7.64
cheapest	7.64
conflicts	7.64
founders	7.63
imperfect	7.63
jacobs	7.63
edition	7.63
demonstrated	7.63
assigning	7.63
denial	7.62
multiplication	7.62
poisonous	7.62
divisions	7.62
pledge	7.62
priority	7.61
mummy	7.61
exaggerated	7.61
disagree	7.61
certified	7.60
normandy	7.60
consumption	7.59
rupture	7.59
recommending	7.59
intermediate	7.59
whigs	7.59
outcome	7.58
wrongs	7.57
rot	7.56
embody	7.56
effort	7.56
shews	7.56
heresies	7.56
tenn	7.56
relationship	7.55
reversed	7.55
revolt	7.55
expert	7.55
barones	7.54
navigable	7.54
sp	7.54
gibson	7.54
thinkers	7.54
hargrave	7.53
officiating	7.53
diminishing	7.52
membrane	7.52
feuds	7.52
repudiated	7.52
domination	7.52
wah	7.52
forks	7.51
physiology	7.51
destitute	7.51
collectively	7.51
pauline	7.51
remitted	7.50
endowments	7.50
johns	7.49
foresight	7.48
gifford	7.48
consenting	7.48
zeit	7.48
honorable	7.48
patriarchal	7.47
bowie	7.47
resorted	7.46
directing	7.46
victoria	7.46
attach	7.46
interfered	7.46
preferable	7.46
antecedent	7.46
asses	7.45
each	7.45
encourage	7.45
worth	7.45
stimulated	7.45
barnes	7.44
declined	7.44
phillips	7.44
combine	7.43
livelihood	7.43
foundations	7.43
exactly	7.43
neighbours	7.42
tolerate	7.42
conscientious	7.42
civilian	7.42
unsatisfactory	7.42
marital	7.41
cape	7.41
kah	7.41
intemperance	7.41
enumerate	7.41
propensity	7.41
patronage	7.41
vindicated	7.40
intervene	7.40
germanic	7.40
buyers	7.40
owes	7.40
celebration	7.40
supplemented	7.40
midland	7.40
intellectual	7.39
induce	7.39
therein	7.38
convict	7.38
suppress	7.38
uterus	7.38
dominions	7.38
wholesome	7.37
delusions	7.37
telegraph	7.37
maritime	7.35
epitome	7.35
anatomy	7.35
acknowledge	7.35
bind	7.34
infamy	7.34
settler	7.34
situations	7.33
illicit	7.32
earliest	7.32
subdivision	7.32
dec	7.32
differs	7.32
via	7.32
baggage	7.32
weaken	7.32
bancroft	7.31
repression	7.30
auction	7.30
infidelity	7.29
hutchinson	7.29
discernment	7.29
context	7.29
award	7.29
superintendence	7.28
arsenious	7.27
cities	7.27
quotation	7.27
tithe	7.27
units	7.27
sanctity	7.26
consistency	7.26
route	7.26
herrings	7.25
id	7.25
estimates	7.25
intolerable	7.25
outstanding	7.24
implying	7.24
ely	7.24
connected	7.24
usurp	7.24
works	7.23
metaphysical	7.23
revolutions	7.23
superficial	7.23
irrational	7.23
treating	7.23
plausible	7.22
vii	7.22
breaches	7.22
wilkins	7.22
sutherland	7.22
endeavor	7.22
consecutive	7.22
proving	7.22
simpler	7.21
οἶκος	7.20
packet	7.20
pioneers	7.20
daily	7.20
more	7.20
inquire	7.19
inclusive	7.19
informed	7.19
intrigue	7.19
successfully	7.19
engaging	7.19
accumulated	7.19
harvard	7.19
proced	7.19
villenage	7.19
popes	7.18
demonstrate	7.18
owning	7.18
magnitude	7.18
elementary	7.18
deficiency	7.17
rel	7.17
fetlar	7.17
monday	7.16
terminate	7.16
abatement	7.16
clayton	7.16
forming	7.15
divide	7.15
rerum	7.15
petit	7.15
curate	7.15
detailed	7.15
concentration	7.14
pregnancy	7.14
weaker	7.14
processes	7.13
values	7.13
intricate	7.13
seriously	7.13
recovery	7.13
unnecessarily	7.13
reprinted	7.13
distresses	7.12
disorderly	7.12
inserted	7.11
coxey	7.11
urgent	7.11
morally	7.11
repeatedly	7.11
bile	7.11
compensate	7.10
affording	7.10
possibly	7.09
tolerable	7.09
coincide	7.08
decides	7.08
postponed	7.08
punishing	7.08
extremes	7.08
editorial	7.08
jews	7.08
printer	7.07
tendered	7.07
awarded	7.07
variety	7.07
australian	7.07
confirm	7.07
mason	7.06
possessing	7.06
indiscriminate	7.06
occupy	7.05
discriminating	7.05
drumann	7.05
wynton	7.05
already	7.05
innocent	7.05
graduate	7.04
research	7.03
irrigation	7.03
perpetuate	7.03
originating	7.02
unduly	7.02
complications	7.02
third	7.02
excite	7.02
callous	7.02
novel	7.01
founding	7.01
governs	7.01
abbots	7.01
constables	7.01
faculties	7.00
treated	7.00
notably	7.00
judged	7.00
morbid	6.99
feb	6.99
deviation	6.99
evidenced	6.99
extracts	6.99
deputed	6.98
subservient	6.98
griech	6.98
boats	6.97
using	6.97
distributed	6.97
riots	6.97
lispund	6.97
sahidic	6.97
summed	6.96
realize	6.96
respected	6.96
ordain	6.95
ind	6.95
outlay	6.94
investigate	6.94
discerning	6.93
fifteenth	6.93
program	6.93
robberies	6.92
morford	6.92
parthy	6.92
woggles	6.92
disciples	6.92
discharging	6.92
relinquish	6.92
secretaries	6.92
perform	6.91
selected	6.91
hotel	6.91
conductor	6.91
relaxation	6.90
webster	6.90
conqueror	6.90
abused	6.89
über	6.89
library	6.89
collections	6.88
arbiter	6.87
consuetudines	6.87
verf	6.87
abridged	6.87
cavities	6.87
hired	6.87
italics	6.87
conspicuously	6.86
choosing	6.86
normans	6.86
confirms	6.86
berens	6.85
madina	6.85
infusion	6.85
branded	6.84
accepts	6.84
ash	6.84
compensated	6.83
contending	6.83
europeans	6.83
ann	6.83
clemenceau	6.82
parturition	6.82
stores	6.82
prosperity	6.82
accept	6.82
regal	6.82
inconsistency	6.81
characteristic	6.81
cato	6.81
lodged	6.81
designate	6.80
quotations	6.80
generations	6.80
trans	6.80
pharmacologia	6.80
corresponding	6.79
africans	6.79
precisely	6.78
bargains	6.78
outlawry	6.78
honesty	6.78
abbasids	6.77
laveleye	6.77
libertates	6.77
grades	6.76
chapter	6.76
murderers	6.75
openly	6.75
logically	6.75
laudable	6.75
robbery	6.75
refuses	6.74
finances	6.74
gives	6.74
interpreting	6.74
resides	6.74
bennett	6.73
discourage	6.73
lifetime	6.73
abeyance	6.73
ingenious	6.73
meaning	6.72
hazard	6.72
fix	6.72
weakness	6.72
treats	6.72
preserving	6.72
forbid	6.71
interesting	6.71
patrimony	6.71
diffidence	6.70
asserting	6.70
specious	6.69
redemption	6.69
benefited	6.69
dissertation	6.69
anatomical	6.69
reigns	6.69
exert	6.69
cholera	6.68
alleging	6.68
excused	6.68
langdon	6.67
iv	6.67
collision	6.67
characterized	6.67
tranquillity	6.67
oil	6.67
significant	6.66
auspicia	6.66
occurred	6.65
publisher	6.65
carrier	6.64
excess	6.64
apprehensions	6.64
cassius	6.64
ce	6.64
conscience	6.64
denounced	6.64
invest	6.64
customer	6.63
wednesday	6.63
fraternity	6.62
incurable	6.62
attaching	6.62
pleases	6.61
constant	6.61
hostilities	6.61
oliphant	6.60
alluded	6.60
cornelius	6.60
custum	6.60
terrys	6.60
later	6.60
detecting	6.60
marks	6.59
interviews	6.59
sedition	6.59
month	6.59
allotted	6.59
species	6.59
event	6.59
evaded	6.59
dawson	6.59
acknowledges	6.59
historically	6.58
reverend	6.58
appreciate	6.57
inviolable	6.57
invasion	6.57
baryta	6.57
fifteen	6.56
educate	6.56
ablest	6.56
synonymous	6.56
husbandry	6.56
citing	6.54
dishonest	6.54
forces	6.53
determines	6.53
bowels	6.52
oblige	6.52
guilt	6.52
ruinous	6.51
mala	6.51
momentous	6.51
reid	6.50
obstruction	6.50
graduated	6.50
scattald	6.50
category	6.50
judging	6.50
cavity	6.49
dakota	6.49
tending	6.49
covenant	6.49
tradesmen	6.49
elaborate	6.49
engagement	6.48
various	6.48
concludes	6.48
occasional	6.48
recognizing	6.48
reconcile	6.47
alliance	6.47
advisable	6.47
enforceable	6.46
movement	6.45
malicious	6.45
lea	6.45
emphatically	6.45
accurately	6.44
exhibit	6.44
yell	6.43
conducted	6.43
edited	6.43
rotation	6.43
decrease	6.43
mature	6.43
contradictory	6.42
informs	6.42
items	6.42
products	6.42
commences	6.42
attention	6.41
comprehending	6.41
acre	6.41
determined	6.41
meyer	6.41
diplomatic	6.40
barriers	6.39
enjoined	6.39
vols	6.38
uncertain	6.38
doubted	6.37
leur	6.37
dudley	6.37
student	6.36
jay	6.36
develop	6.35
coleridge	6.35
ignored	6.35
exposure	6.35
advancement	6.35
receives	6.34
recommends	6.34
reliable	6.34
indolence	6.34
referring	6.33
avoided	6.33
forcibly	6.33
self	6.33
originated	6.32
diligence	6.32
eventually	6.32
infliction	6.32
wealth	6.31
matthew	6.31
metellus	6.31
controls	6.31
populous	6.31
shipped	6.31
aims	6.30
andrews	6.30
thomson	6.30
thereafter	6.30
medium	6.30
locke	6.29
topic	6.29
likewise	6.29
eighth	6.29
hoffman	6.28
needing	6.28
hughes	6.28
notoriously	6.28
beiträge	6.28
mechanic	6.27
increases	6.27
strenuously	6.26
pauper	6.26
synod	6.25
rigour	6.25
agreeably	6.25
agreeing	6.24
sixteenth	6.24
aimed	6.24
partition	6.23
compared	6.23
hospitals	6.23
wards	6.22
uphold	6.22
pp	6.21
requested	6.20
totally	6.20
consciences	6.20
rufus	6.20
doubtful	6.19
terminated	6.19
credited	6.19
disapproved	6.19
printing	6.19
interpreted	6.19
illustrates	6.18
recurrence	6.18
fuller	6.18
foreseen	6.18
erroneously	6.18
manufactured	6.18
subdivided	6.17
disorder	6.17
excellency	6.16
acquires	6.16
memorial	6.16
indisputable	6.16
product	6.16
prejudiced	6.16
appropriate	6.16
israelite	6.15
tenacious	6.15
aux	6.15
comme	6.15
query	6.15
allies	6.14
mitchell	6.14
suspicion	6.14
pontiff	6.13
mutilation	6.13
texture	6.12
suburbs	6.12
phrases	6.12
ile	6.12
corrected	6.12
bailiff	6.11
scotland	6.11
precede	6.10
brooklyn	6.10
ellsworth	6.09
bands	6.09
notes	6.09
artisans	6.09
colonization	6.08
ultra	6.08
cultivated	6.08
sustaining	6.07
allowances	6.07
assertions	6.07
termed	6.07
wider	6.07
wright	6.07
sects	6.06
vest	6.06
references	6.06
deferred	6.05
surrender	6.05
artificial	6.04
yates	6.04
ecclesiastics	6.04
elector	6.04
unpunished	6.04
highways	6.03
hangman	6.03
creation	6.03
checking	6.03
apprentices	6.02
deter	6.02
agitation	6.02
surveyed	6.02
asylum	6.02
successive	6.01
proportioned	6.01
retaliation	6.01
muir	6.01
enterprising	6.00
franks	6.00
clothing	6.00
tam	6.00
essentials	6.00
usefulness	6.00
