# UD 2.18 registry for English — facts from the UD validator (UniversalDependencies/tools, data/*.json, as of 25.09.2026).
# feat <UPOS> <Feature=Value> — an allowed pair for a part of speech; deprel <relation>; aux <lemma> <comma-separated functions>.
feat	ADJ	Abbr=Yes
feat	ADP	Abbr=Yes
feat	ADV	Abbr=Yes
feat	AUX	Abbr=Yes
feat	CCONJ	Abbr=Yes
feat	DET	Abbr=Yes
feat	INTJ	Abbr=Yes
feat	NOUN	Abbr=Yes
feat	NUM	Abbr=Yes
feat	PART	Abbr=Yes
feat	PRON	Abbr=Yes
feat	PROPN	Abbr=Yes
feat	SCONJ	Abbr=Yes
feat	SYM	Abbr=Yes
feat	VERB	Abbr=Yes
feat	X	Abbr=Yes
feat	PRON	Case=Acc
feat	PRON	Case=Gen
feat	PRON	Case=Nom
feat	DET	Definite=Def
feat	DET	Definite=Ind
feat	PRON	Definite=Def
feat	PRON	Definite=Ind
feat	ADJ	Degree=Cmp
feat	ADJ	Degree=Pos
feat	ADJ	Degree=Sup
feat	ADV	Degree=Cmp
feat	ADV	Degree=Pos
feat	ADV	Degree=Sup
feat	ADJ	ExtPos=ADP
feat	ADJ	ExtPos=ADV
feat	ADJ	ExtPos=NOUN
feat	ADJ	ExtPos=PROPN
feat	ADJ	ExtPos=SCONJ
feat	ADP	ExtPos=ADP
feat	ADP	ExtPos=ADV
feat	ADP	ExtPos=CCONJ
feat	ADP	ExtPos=SCONJ
feat	ADV	ExtPos=ADP
feat	ADV	ExtPos=ADV
feat	ADV	ExtPos=CCONJ
feat	ADV	ExtPos=SCONJ
feat	DET	ExtPos=ADV
feat	DET	ExtPos=PRON
feat	NOUN	ExtPos=ADV
feat	NOUN	ExtPos=PROPN
feat	NUM	ExtPos=PROPN
feat	PART	ExtPos=CCONJ
feat	PRON	ExtPos=ADV
feat	PRON	ExtPos=PRON
feat	PROPN	ExtPos=PROPN
feat	SCONJ	ExtPos=ADP
feat	SCONJ	ExtPos=SCONJ
feat	SYM	ExtPos=ADP
feat	SYM	ExtPos=PROPN
feat	VERB	ExtPos=ADP
feat	VERB	ExtPos=CCONJ
feat	VERB	ExtPos=PROPN
feat	X	ExtPos=PROPN
feat	ADJ	Foreign=Yes
feat	ADP	Foreign=Yes
feat	ADV	Foreign=Yes
feat	AUX	Foreign=Yes
feat	CCONJ	Foreign=Yes
feat	DET	Foreign=Yes
feat	INTJ	Foreign=Yes
feat	NOUN	Foreign=Yes
feat	NUM	Foreign=Yes
feat	PART	Foreign=Yes
feat	PRON	Foreign=Yes
feat	PROPN	Foreign=Yes
feat	PUNCT	Foreign=Yes
feat	SCONJ	Foreign=Yes
feat	SYM	Foreign=Yes
feat	VERB	Foreign=Yes
feat	X	Foreign=Yes
feat	PRON	Gender=Fem
feat	PRON	Gender=Masc
feat	PRON	Gender=Neut
feat	AUX	Mood=Imp
feat	AUX	Mood=Ind
feat	AUX	Mood=Sub
feat	VERB	Mood=Imp
feat	VERB	Mood=Ind
feat	VERB	Mood=Sub
feat	ADJ	NumForm=Combi
feat	ADJ	NumForm=Word
feat	ADV	NumForm=Combi
feat	ADV	NumForm=Digit
feat	ADV	NumForm=Roman
feat	ADV	NumForm=Word
feat	DET	NumForm=Digit
feat	DET	NumForm=Roman
feat	DET	NumForm=Word
feat	NOUN	NumForm=Combi
feat	NOUN	NumForm=Digit
feat	NOUN	NumForm=Roman
feat	NOUN	NumForm=Word
feat	NUM	NumForm=Combi
feat	NUM	NumForm=Digit
feat	NUM	NumForm=Roman
feat	NUM	NumForm=Word
feat	PROPN	NumForm=Digit
feat	PROPN	NumForm=Roman
feat	PROPN	NumForm=Word
feat	ADJ	NumType=Frac
feat	ADJ	NumType=Ord
feat	ADV	NumType=Frac
feat	ADV	NumType=Mult
feat	ADV	NumType=Ord
feat	DET	NumType=Card
feat	DET	NumType=Frac
feat	NOUN	NumType=Card
feat	NOUN	NumType=Frac
feat	NOUN	NumType=Ord
feat	NUM	NumType=Card
feat	NUM	NumType=Frac
feat	PRON	NumType=Ord
feat	PROPN	NumType=Card
feat	SCONJ	NumType=Mult
feat	X	NumType=Card
feat	X	NumType=Mult
feat	X	NumType=Ord
feat	AUX	Number=Plur
feat	AUX	Number=Sing
feat	DET	Number=Plur
feat	DET	Number=Sing
feat	INTJ	Number=Sing
feat	NOUN	Number=Plur
feat	NOUN	Number=Ptan
feat	NOUN	Number=Sing
feat	NUM	Number=Plur
feat	NUM	Number=Sing
feat	PRON	Number=Plur
feat	PRON	Number=Sing
feat	PROPN	Number=Plur
feat	PROPN	Number=Ptan
feat	PROPN	Number=Sing
feat	SYM	Number=Plur
feat	SYM	Number=Sing
feat	VERB	Number=Plur
feat	VERB	Number=Sing
feat	AUX	Person=1
feat	AUX	Person=2
feat	AUX	Person=3
feat	PRON	Person=1
feat	PRON	Person=2
feat	PRON	Person=3
feat	VERB	Person=1
feat	VERB	Person=2
feat	VERB	Person=3
feat	ADJ	Polarity=Neg
feat	ADV	Polarity=Neg
feat	CCONJ	Polarity=Neg
feat	DET	Polarity=Neg
feat	INTJ	Polarity=Neg
feat	INTJ	Polarity=Pos
feat	NOUN	Polarity=Neg
feat	PART	Polarity=Neg
feat	PRON	Polarity=Neg
feat	PROPN	Polarity=Neg
feat	VERB	Polarity=Neg
feat	X	Polarity=Neg
feat	DET	Poss=Yes
feat	PRON	Poss=Yes
feat	ADV	PronType=Dem
feat	ADV	PronType=Ind
feat	ADV	PronType=Int
feat	ADV	PronType=Neg
feat	ADV	PronType=Rel
feat	ADV	PronType=Tot
feat	DET	PronType=Art
feat	DET	PronType=Dem
feat	DET	PronType=Ind
feat	DET	PronType=Int
feat	DET	PronType=Neg
feat	DET	PronType=Prs
feat	DET	PronType=Rcp
feat	DET	PronType=Rel
feat	DET	PronType=Tot
feat	PRON	PronType=Art
feat	PRON	PronType=Dem
feat	PRON	PronType=Emp
feat	PRON	PronType=Ind
feat	PRON	PronType=Int
feat	PRON	PronType=Neg
feat	PRON	PronType=Prs
feat	PRON	PronType=Rcp
feat	PRON	PronType=Rel
feat	PRON	PronType=Tot
feat	X	PronType=Art
feat	X	PronType=Dem
feat	X	PronType=Ind
feat	X	PronType=Int
feat	X	PronType=Neg
feat	X	PronType=Prs
feat	X	PronType=Rel
feat	X	PronType=Tot
feat	PRON	Reflex=Yes
feat	ADJ	Style=Expr
feat	ADP	Style=Arch
feat	ADV	Style=Arch
feat	ADV	Style=Expr
feat	ADV	Style=Slng
feat	AUX	Style=Arch
feat	AUX	Style=Vrnc
feat	DET	Style=Vrnc
feat	INTJ	Style=Expr
feat	NOUN	Style=Expr
feat	NOUN	Style=Vrnc
feat	PART	Style=Coll
feat	PRON	Style=Arch
feat	PRON	Style=Coll
feat	PRON	Style=Expr
feat	PRON	Style=Slng
feat	PRON	Style=Vrnc
feat	PROPN	Style=Expr
feat	SCONJ	Style=Vrnc
feat	VERB	Style=Arch
feat	VERB	Style=Expr
feat	VERB	Style=Vrnc
feat	AUX	Tense=Past
feat	AUX	Tense=Pres
feat	VERB	Tense=Past
feat	VERB	Tense=Pres
feat	ADJ	Typo=Yes
feat	ADP	Typo=Yes
feat	ADV	Typo=Yes
feat	AUX	Typo=Yes
feat	CCONJ	Typo=Yes
feat	DET	Typo=Yes
feat	INTJ	Typo=Yes
feat	NOUN	Typo=Yes
feat	NUM	Typo=Yes
feat	PART	Typo=Yes
feat	PRON	Typo=Yes
feat	PROPN	Typo=Yes
feat	PUNCT	Typo=Yes
feat	SCONJ	Typo=Yes
feat	SYM	Typo=Yes
feat	VERB	Typo=Yes
feat	X	Typo=Yes
feat	AUX	VerbForm=Fin
feat	AUX	VerbForm=Ger
feat	AUX	VerbForm=Inf
feat	AUX	VerbForm=Part
feat	VERB	VerbForm=Fin
feat	VERB	VerbForm=Ger
feat	VERB	VerbForm=Inf
feat	VERB	VerbForm=Part
feat	VERB	Voice=Pass
deprel	acl
deprel	acl:relcl
deprel	advcl
deprel	advcl:relcl
deprel	advmod
deprel	amod
deprel	appos
deprel	aux
deprel	aux:pass
deprel	case
deprel	cc
deprel	cc:preconj
deprel	ccomp
deprel	clf
deprel	compound
deprel	compound:prt
deprel	conj
deprel	cop
deprel	csubj
deprel	csubj:outer
deprel	csubj:pass
deprel	dep
deprel	det
deprel	det:poss
deprel	det:predet
deprel	discourse
deprel	dislocated
deprel	expl
deprel	fixed
deprel	flat
deprel	flat:foreign
deprel	goeswith
deprel	iobj
deprel	list
deprel	mark
deprel	nmod
deprel	nmod:desc
deprel	nmod:npmod
deprel	nmod:poss
deprel	nmod:tmod
deprel	nmod:unmarked
deprel	nsubj
deprel	nsubj:outer
deprel	nsubj:pass
deprel	nummod
deprel	obj
deprel	obl
deprel	obl:agent
deprel	obl:npmod
deprel	obl:tmod
deprel	obl:unmarked
deprel	orphan
deprel	parataxis
deprel	punct
deprel	reparandum
deprel	root
deprel	vocative
deprel	xcomp
aux	be	Aspect=Prog,Voice=Pass,cop.AUX
aux	can	Mood=Pot
aux	could	Mood=Pot
aux	dare	Mood=Pot
aux	do	int,neg
aux	get	Voice=Pass
aux	have	Aspect=Perf
aux	may	Mood=Pot
aux	might	Mood=Pot
aux	must	Mood=Nec
aux	need	Mood=Nec
aux	ought	Mood=Nec
aux	shall	Mood=Nec,Tense=Fut
aux	should	Mood=Nec
aux	will	Tense=Fut
aux	would	Mood=Cnd
