# Pragmatics cues for SLM features (prag::feats): word or phrase (lowercase, words separated by spaces) → class.
# Mova's own small list, not taken from others' lexicons. Grounded in the classics: hedges — Lakoff 1973
# ("Hedges"), Hyland 1998; illocutionary force indicating devices (IFID) and indirect acts — Searle 1969, 1975;
# politeness — Brown & Levinson 1987; evaluation — common English evaluative words.
# Classes: hedge · pos · neg (evaluation) · thank · apol · greet · promise · warn · suggest · offer · yes · no ·
# intj (interjection) · say (speech verb in the direct-speech frame).
# phrase	class
maybe	hedge
perhaps	hedge
probably	hedge
possibly	hedge
presumably	hedge
apparently	hedge
seemingly	hedge
i think	hedge
i believe	hedge
i suppose	hedge
i guess	hedge
i fear	hedge
i'm afraid	hedge
i am afraid	hedge
i dare say	hedge
it seems	hedge
seems	hedge
seem	hedge
seemed	hedge
appears	hedge
sort of	hedge
kind of	hedge
rather	hedge
somewhat	hedge
a little	hedge
a bit	hedge
almost	hedge
nearly	hedge
might	hedge
may be	hedge
likely	hedge
unlikely	hedge
in a way	hedge
more or less	hedge
good	pos
great	pos
fine	pos
beautiful	pos
lovely	pos
pretty	pos
handsome	pos
wonderful	pos
marvellous	pos
marvelous	pos
splendid	pos
excellent	pos
best	pos
better	pos
nice	pos
kind	pos
dear	pos
happy	pos
glad	pos
joy	pos
joyful	pos
delighted	pos
merry	pos
clever	pos
wise	pos
brave	pos
faithful	pos
honest	pos
love	pos
loved	pos
like	pos
enjoy	pos
delicious	pos
magnificent	pos
charming	pos
sweet	pos
bright	pos
lucky	pos
rich	pos
bad	neg
worse	neg
worst	neg
poor	neg
sad	neg
sorrow	neg
sorrowful	neg
terrible	neg
horrible	neg
awful	neg
dreadful	neg
wicked	neg
evil	neg
cruel	neg
ugly	neg
stupid	neg
foolish	neg
silly	neg
angry	neg
afraid	neg
frightened	neg
miserable	neg
wretched	neg
unhappy	neg
hate	neg
hated	neg
cold	neg
hungry	neg
tired	neg
sick	neg
ill	neg
dead	neg
die	neg
died	neg
weep	neg
wept	neg
cry	neg
wrong	neg
lazy	neg
greedy	neg
proud	neg
alas	neg
thank	thank
thanks	thank
thank you	thank
grateful	thank
sorry	apol
apologize	apol
apologise	apol
pardon	apol
forgive	apol
excuse me	apol
hello	greet
hi	greet
good morning	greet
good evening	greet
good night	greet
good day	greet
goodbye	greet
good-bye	greet
farewell	greet
welcome	greet
promise	promise
i will	promise
i'll	promise
i shall	promise
i swear	promise
beware	warn
careful	warn
take care	warn
watch out	warn
look out	warn
or else	warn
let us	suggest
let's	suggest
shall we	suggest
how about	suggest
why don't	suggest
you should	suggest
you had better	suggest
you'd better	suggest
we should	suggest
shall i	offer
may i	offer
let me	offer
would you like	offer
yes	yes
yeah	yes
certainly	yes
of course	yes
indeed	yes
very well	yes
all right	yes
agreed	yes
no	no
nope	no
never	no
by no means	no
oh	intj
ah	intj
o	intj
oho	intj
hurrah	intj
hurray	intj
bravo	intj
wow	intj
hush	intj
said	say
says	say
say	say
cried	say
asked	say
answered	say
replied	say
exclaimed	say
shouted	say
called	say
whispered	say
thought	say
added	say
continued	say
sang	say
screamed	say
returned	say
spoke	say
begged	say
