# scope	from	to	atoms (feature:value) — world induce; load with induce::parse_rules
domain	obj	nsubj	6:1,10:0,14:0
general	nsubj:pass	nsubj	16:1
general	parataxis	conj	2:1,14:0,16:1
general	obj	nsubj	2:1,8:3,9:1
general	obl:unmarked	nsubj	1:15,3:0,4:0
general	nsubj:pass	nsubj	5:1
domain	nmod:unmarked	det	0:5
general	nsubj	obl:unmarked	4:1,11:1
general	obj	obl:unmarked	8:3,11:1
domain	parataxis	acl:relcl	1:7,4:0
general	parataxis	conj	5:1,6:0
domain	obj	advmod	0:0,7:0,15:0
general	nsubj	obl	17:1
general	obj	obl	17:1
