# StepGame contrast phrasings (written for Mova, not from the StepGame generator): relation of {A} relative to {B}
# label	template
left	{A} stands a little way off to the west of {B}.
left	Looking from {B}, you find {A} on the left hand side.
left	{B} has {A} immediately on its left.
left	Move left from {B} and you reach {A}.
left	{B} sits just east of {A}.
right	{A} waits a short distance to the east of {B}.
right	{B} keeps {A} on its right.
right	Going right from {B} brings you to {A}.
right	{B} is found west of {A}.
right	To the right of {B} you can see {A}.
above	{A} hovers straight over {B}.
above	{B} lies directly underneath {A}.
above	Go up from {B} and you arrive at {A}.
above	{A} is due north of {B}.
above	{B} has {A} right on top of it.
below	{A} rests straight beneath {B}.
below	{B} towers directly over {A}.
below	Go down from {B} and you arrive at {A}.
below	{A} is due south of {B}.
below	{B} has {A} right under it.
upper-left	{A} is up and to the left of {B}.
upper-left	Diagonally, {A} lies northwest of {B}.
upper-left	{B} is down and to the right of {A}.
upper-left	From {B}, go up one and left one to find {A}.
upper-right	{A} is up and to the right of {B}.
upper-right	Diagonally, {A} lies northeast of {B}.
upper-right	{B} is down and to the left of {A}.
upper-right	From {B}, go up one and right one to find {A}.
lower-left	{A} is down and to the left of {B}.
lower-left	Diagonally, {A} lies southwest of {B}.
lower-left	{B} is up and to the right of {A}.
lower-left	From {B}, go down one and left one to find {A}.
lower-right	{A} is down and to the right of {B}.
lower-right	Diagonally, {A} lies southeast of {B}.
lower-right	{B} is up and to the left of {A}.
lower-right	From {B}, go down one and right one to find {A}.
overlap	{A} and {B} occupy exactly the same spot.
overlap	{B} shares its position with {A}.
overlap	{A} is placed right where {B} is.
overlap	You will find {A} at the very same point as {B}.
