# sec	sent	text  (source data/raw/en-narr-pg128-lang-arabian-nights/pg128.txt, from "The Arabian Nights" to Some("The Story of the Fisherman"); paragraphs — between blank lines)
1	1	In the chronicles of the ancient dynasty of the Sassanidae, who reigned for about four hundred years, from Persia to the borders of China, beyond the great river Ganges itself, we read the praises of one of the kings of this race, who was said to be the best monarch of his time.
1	2	His subjects loved him, and his neighbors feared him, and when he died he left his kingdom in a more prosperous and powerful condition than any king had done before him.
2	3	The two sons who survived him loved each other tenderly, and it was a real grief to the elder, Schahriar, that the laws of the empire forbade him to share his dominions with his brother Schahzeman.
2	4	Indeed, after ten years, during which this state of things had not ceased to trouble him, Schahriar cut off the country of Great Tartary from the Persian Empire and made his brother king.
3	5	Now the Sultan Schahriar had a wife whom he loved more than all the world, and his greatest happiness was to surround her with splendour, and to give her the finest dresses and the most beautiful jewels.
3	6	It was therefore with the deepest shame and sorrow that he accidentally discovered, after several years, that she had deceived him completely, and her whole conduct turned out to have been so bad, that he felt himself obliged to carry out the law of the land, and order the grand-vizir to put her to death.
3	7	The blow was so heavy that his mind almost gave way, and he declared that he was quite sure that at bottom all women were as wicked as the sultana, if you could only find them out, and that the fewer the world contained the better.
3	8	So every evening he married a fresh wife and had her strangled the following morning before the grand-vizir, whose duty it was to provide these unhappy brides for the Sultan.
3	9	The poor man fulfilled his task with reluctance, but there was no escape, and every day saw a girl married and a wife dead.
4	10	This behaviour caused the greatest horror in the town, where nothing was heard but cries and lamentations.
4	11	In one house was a father weeping for the loss of his daughter, in another perhaps a mother trembling for the fate of her child; and instead of the blessings that had formerly been heaped on the Sultan's head, the air was now full of curses.
5	12	The grand-vizir himself was the father of two daughters, of whom the elder was called Scheherazade, and the younger Dinarzade.
5	13	Dinarzade had no particular gifts to distinguish her from other girls, but her sister was clever and courageous in the highest degree.
5	14	Her father had given her the best masters in philosophy, medicine, history and the fine arts, and besides all this, her beauty excelled that of any girl in the kingdom of Persia.
6	15	One day, when the grand-vizir was talking to his eldest daughter, who was his delight and pride, Scheherazade said to him, "Father, I have a favour to ask of you.
6	16	Will you grant it to me?"
7	17	"I can refuse you nothing," replied he, "that is just and reasonable."
8	18	"Then listen," said Scheherazade. "
8	19	I am determined to stop this barbarous practice of the Sultan's, and to deliver the girls and mothers from the awful fate that hangs over them."
9	20	"It would be an excellent thing to do," returned the grand-vizir, "but how do you propose to accomplish it?"
10	21	"My father," answered Scheherazade, "it is you who have to provide the Sultan daily with a fresh wife, and I implore you, by all the affection you bear me, to allow the honour to fall upon me."
11	22	"Have you lost your senses?" cried the grand-vizir, starting back in horror. "
11	23	What has put such a thing into your head?
11	24	You ought to know by this time what it means to be the sultan's bride!"
12	25	"Yes, my father, I know it well," replied she, "and I am not afraid to think of it.
12	26	If I fail, my death will be a glorious one, and if I succeed I shall have done a great service to my country."
13	27	"It is of no use," said the grand-vizir, "I shall never consent.
13	28	If the Sultan was to order me to plunge a dagger in your heart, I should have to obey.
13	29	What a task for a father!
13	30	Ah, if you do not fear death, fear at any rate the anguish you would cause me."
14	31	"Once again, my father," said Scheherazade, "will you grant me what I ask?"
15	32	"What, are you still so obstinate?" exclaimed the grand-vizir. "
15	33	Why are you so resolved upon your own ruin?"
16	34	But the maiden absolutely refused to attend to her father's words, and at length, in despair, the grand-vizir was obliged to give way, and went sadly to the palace to tell the Sultan that the following evening he would bring him Scheherazade.
17	35	The Sultan received this news with the greatest astonishment.
18	36	"How have you made up your mind," he asked, "to sacrifice your own daughter to me?"
19	37	"Sire," answered the grand-vizir, "it is her own wish.
19	38	Even the sad fate that awaits her could not hold her back."
20	39	"Let there be no mistake, vizir," said the Sultan. "
20	40	Remember you will have to take her life yourself.
20	41	If you refuse, I swear that your head shall pay forfeit."
21	42	"Sire," returned the vizir. "
21	43	Whatever the cost, I will obey you.
21	44	Though a father, I am also your subject."
21	45	So the Sultan told the grand-vizir he might bring his daughter as soon as he liked.
22	46	The vizir took back this news to Scheherazade, who received it as if it had been the most pleasant thing in the world.
22	47	She thanked her father warmly for yielding to her wishes, and, seeing him still bowed down with grief, told him that she hoped he would never repent having allowed her to marry the Sultan.
22	48	Then she went to prepare herself for the marriage, and begged that her sister Dinarzade should be sent for to speak to her.
23	49	When they were alone, Scheherazade addressed her thus:
24	50	"My dear sister; I want your help in a very important affair.
24	51	My father is going to take me to the palace to celebrate my marriage with the Sultan.
24	52	When his Highness receives me, I shall beg him, as a last favour, to let you sleep in our chamber, so that I may have your company during the last night I am alive.
24	53	If, as I hope, he grants me my wish, be sure that you wake me an hour before the dawn, and speak to me in these words: 'My sister, if you are not asleep, I beg you, before the sun rises, to tell me one of your charming stories.'
24	54	Then I shall begin, and I hope by this means to deliver the people from the terror that reigns over them."
24	55	Dinarzade replied that she would do with pleasure what her sister wished.
25	56	When the usual hour arrived the grand-vizir conducted Scheherazade to the palace, and left her alone with the Sultan, who bade her raise her veil and was amazed at her beauty.
25	57	But seeing her eyes full of tears, he asked what was the matter. "
25	58	Sire," replied Scheherazade, "I have a sister who loves me as tenderly as I love her.
25	59	Grant me the favour of allowing her to sleep this night in the same room, as it is the last we shall be together."
25	60	Schahriar consented to Scheherazade's petition and Dinarzade was sent for.
26	61	An hour before daybreak Dinarzade awoke, and exclaimed, as she had promised, "My dear sister, if you are not asleep, tell me I pray you, before the sun rises, one of your charming stories.
26	62	It is the last time that I shall have the pleasure of hearing you."
27	63	Scheherazade did not answer her sister, but turned to the Sultan. "
27	64	Will your highness permit me to do as my sister asks?" said she.
28	65	"Willingly," he answered.
28	66	So Scheherazade began.
29	67	The Story of the Merchant and the Genius
30	68	Sire, there was once upon a time a merchant who possessed great wealth, in land and merchandise, as well as in ready money.
30	69	He was obliged from time to time to take journeys to arrange his affairs.
30	70	One day, having to go a long way from home, he mounted his horse, taking with him a small wallet in which he had put a few biscuits and dates, because he had to pass through the desert where no food was to be got.
30	71	He arrived without any mishap, and, having finished his business, set out on his return.
30	72	On the fourth day of his journey, the heat of the sun being very great, he turned out of his road to rest under some trees.
30	73	He found at the foot of a large walnut-tree a fountain of clear and running water.
30	74	He dismounted, fastened his horse to a branch of the tree, and sat by the fountain, after having taken from his wallet some of his dates and biscuits.
30	75	When he had finished this frugal meal he washed his face and hands in the fountain.
31	76	When he was thus employed he saw an enormous genius, white with rage, coming towards him, with a scimitar in his hand.
32	77	"Arise," he cried in a terrible voice, "and let me kill you as you have killed my son!"
33	78	As he uttered these words he gave a frightful yell.
33	79	The merchant, quite as much terrified at the hideous face of the monster as at his words, answered him tremblingly, "Alas, good sir, what can I have done to you to deserve death?"
34	80	"I shall kill you," repeated the genius, "as you have killed my son."
35	81	"But," said the merchant, "how can I have killed your son?
35	82	I do not know him, and I have never even seen him."
36	83	"When you arrived here did you not sit down on the ground?" asked the genius, "and did you not take some dates from your wallet, and whilst eating them did not you throw the stones about?"
37	84	"Yes," said the merchant, "I certainly did so."
38	85	"Then," said the genius, "I tell you you have killed my son, for whilst you were throwing about the stones, my son passed by, and one of them struck him in the eye and killed him.
38	86	So I shall kill you."
39	87	"Ah, sir, forgive me!" cried the merchant.
40	88	"I will have no mercy on you," answered the genius.
41	89	"But I killed your son quite unintentionally, so I implore you to spare my life."
42	90	"No," said the genius, "I shall kill you as you killed my son," and so saying, he seized the merchant by the arm, threw him on the ground, and lifted his sabre to cut off his head.
43	91	The merchant, protesting his innocence, bewailed his wife and children, and tried pitifully to avert his fate.
43	92	The genius, with his raised scimitar, waited till he had finished, but was not in the least touched.
44	93	Scheherazade, at this point, seeing that it was day, and knowing that the Sultan always rose very early to attend the council, stopped speaking.
45	94	"Indeed, sister," said Dinarzade, "this is a wonderful story."
